point_id,Longitude,Latitude,phenophase_date,crop_type,phenophase_name
1,125.5264398,49.33953333,2018/6/7,soybean,Greenup
1,125.5264398,49.33953333,2018/6/30,soybean,MidGreenup
1,125.5264398,49.33953333,2018/8/6,soybean,Peak
1,125.5264398,49.33953333,2018/7/22,soybean,Maturity
1,125.5264398,49.33953333,2018/9/12,soybean,MidSenescence
1,125.5264398,49.33953333,2018/8/21,soybean,Senescence
1,125.5264398,49.33953333,2018/10/3,soybean,Dormancy
2,125.5319206,49.33910503,2018/6/6,soybean,Greenup
2,125.5319206,49.33910503,2018/6/29,soybean,MidGreenup
2,125.5319206,49.33910503,2018/8/6,soybean,Peak
2,125.5319206,49.33910503,2018/7/22,soybean,Maturity
2,125.5319206,49.33910503,2018/9/11,soybean,MidSenescence
2,125.5319206,49.33910503,2018/8/21,soybean,Senescence
2,125.5319206,49.33910503,2018/10/2,soybean,Dormancy
3,125.5273013,49.33491719,2018/5/31,soybean,Greenup
3,125.5273013,49.33491719,2018/6/26,soybean,MidGreenup
3,125.5273013,49.33491719,2018/8/5,soybean,Peak
3,125.5273013,49.33491719,2018/7/21,soybean,Maturity
3,125.5273013,49.33491719,2018/9/11,soybean,MidSenescence
3,125.5273013,49.33491719,2018/8/20,soybean,Senescence
3,125.5273013,49.33491719,2018/10/2,soybean,Dormancy
4,125.5355743,49.33544067,2018/5/28,soybean,Greenup
4,125.5355743,49.33544067,2018/6/24,soybean,MidGreenup
4,125.5355743,49.33544067,2018/8/5,soybean,Peak
4,125.5355743,49.33544067,2018/7/21,soybean,Maturity
4,125.5355743,49.33544067,2018/9/11,soybean,MidSenescence
4,125.5355743,49.33544067,2018/8/21,soybean,Senescence
4,125.5355743,49.33544067,2018/10/2,soybean,Dormancy
5,125.5260463,49.32706498,2018/6/9,soybean,Greenup
5,125.5260463,49.32706498,2018/7/2,soybean,MidGreenup
5,125.5260463,49.32706498,2018/8/7,soybean,Peak
5,125.5260463,49.32706498,2018/7/24,soybean,Maturity
5,125.5260463,49.32706498,2018/9/12,soybean,MidSenescence
5,125.5260463,49.32706498,2018/8/22,soybean,Senescence
5,125.5260463,49.32706498,2018/10/1,soybean,Dormancy
6,125.5328853,49.32711257,2018/6/11,soybean,Greenup
6,125.5328853,49.32711257,2018/7/2,soybean,MidGreenup
6,125.5328853,49.32711257,2018/8/7,soybean,Peak
6,125.5328853,49.32711257,2018/7/24,soybean,Maturity
6,125.5328853,49.32711257,2018/9/12,soybean,MidSenescence
6,125.5328853,49.32711257,2018/8/22,soybean,Senescence
6,125.5328853,49.32711257,2018/10/2,soybean,Dormancy
7,125.5479685,49.28537427,2018/6/5,soybean,Greenup
7,125.5479685,49.28537427,2018/6/28,soybean,MidGreenup
7,125.5479685,49.28537427,2018/8/6,soybean,Peak
7,125.5479685,49.28537427,2018/7/22,soybean,Maturity
7,125.5479685,49.28537427,2018/9/13,soybean,MidSenescence
7,125.5479685,49.28537427,2018/8/22,soybean,Senescence
7,125.5479685,49.28537427,2018/10/3,soybean,Dormancy
8,125.5551183,49.28537427,2018/6/8,soybean,Greenup
8,125.5551183,49.28537427,2018/7/1,soybean,MidGreenup
8,125.5551183,49.28537427,2018/8/8,soybean,Peak
8,125.5551183,49.28537427,2018/7/24,soybean,Maturity
8,125.5551183,49.28537427,2018/9/14,soybean,MidSenescence
8,125.5551183,49.28537427,2018/8/23,soybean,Senescence
8,125.5551183,49.28537427,2018/10/4,soybean,Dormancy
9,125.5596466,49.28480321,2018/6/8,soybean,Greenup
9,125.5596466,49.28480321,2018/7/1,soybean,MidGreenup
9,125.5596466,49.28480321,2018/8/8,soybean,Peak
9,125.5596466,49.28480321,2018/7/24,soybean,Maturity
9,125.5596466,49.28480321,2018/9/14,soybean,MidSenescence
9,125.5596466,49.28480321,2018/8/23,soybean,Senescence
9,125.5596466,49.28480321,2018/10/4,soybean,Dormancy
10,125.5669397,49.28508874,2018/6/5,soybean,Greenup
10,125.5669397,49.28508874,2018/6/29,soybean,MidGreenup
10,125.5669397,49.28508874,2018/8/8,soybean,Peak
10,125.5669397,49.28508874,2018/7/24,soybean,Maturity
10,125.5669397,49.28508874,2018/9/14,soybean,MidSenescence
10,125.5669397,49.28508874,2018/8/24,soybean,Senescence
10,125.5669397,49.28508874,2018/10/5,soybean,Dormancy
11,125.5738423,49.28556463,2018/6/6,soybean,Greenup
11,125.5738423,49.28556463,2018/6/29,soybean,MidGreenup
11,125.5738423,49.28556463,2018/8/8,soybean,Peak
11,125.5738423,49.28556463,2018/7/24,soybean,Maturity
11,125.5738423,49.28556463,2018/9/15,soybean,MidSenescence
11,125.5738423,49.28556463,2018/8/24,soybean,Senescence
11,125.5738423,49.28556463,2018/10/5,soybean,Dormancy
12,125.5796812,49.2852791,2018/6/6,soybean,Greenup
12,125.5796812,49.2852791,2018/6/29,soybean,MidGreenup
12,125.5796812,49.2852791,2018/8/8,soybean,Peak
12,125.5796812,49.2852791,2018/7/24,soybean,Maturity
12,125.5796812,49.2852791,2018/9/15,soybean,MidSenescence
12,125.5796812,49.2852791,2018/8/24,soybean,Senescence
12,125.5796812,49.2852791,2018/10/5,soybean,Dormancy
13,125.5616746,49.2809009,2018/6/8,soybean,Greenup
13,125.5616746,49.2809009,2018/7/1,soybean,MidGreenup
13,125.5616746,49.2809009,2018/8/7,soybean,Peak
13,125.5616746,49.2809009,2018/7/24,soybean,Maturity
13,125.5616746,49.2809009,2018/9/14,soybean,MidSenescence
13,125.5616746,49.2809009,2018/8/23,soybean,Senescence
13,125.5616746,49.2809009,2018/10/4,soybean,Dormancy
14,125.5567115,49.28118643,2018/6/8,soybean,Greenup
14,125.5567115,49.28118643,2018/7/1,soybean,MidGreenup
14,125.5567115,49.28118643,2018/8/7,soybean,Peak
14,125.5567115,49.28118643,2018/7/24,soybean,Maturity
14,125.5567115,49.28118643,2018/9/14,soybean,MidSenescence
14,125.5567115,49.28118643,2018/8/23,soybean,Senescence
14,125.5567115,49.28118643,2018/10/4,soybean,Dormancy
15,125.5504872,49.28109125,2018/6/7,soybean,Greenup
15,125.5504872,49.28109125,2018/6/30,soybean,MidGreenup
15,125.5504872,49.28109125,2018/8/6,soybean,Peak
15,125.5504872,49.28109125,2018/7/23,soybean,Maturity
15,125.5504872,49.28109125,2018/9/12,soybean,MidSenescence
15,125.5504872,49.28109125,2018/8/22,soybean,Senescence
15,125.5504872,49.28109125,2018/10/3,soybean,Dormancy
16,125.5695013,49.28128161,2018/6/4,soybean,Greenup
16,125.5695013,49.28128161,2018/6/28,soybean,MidGreenup
16,125.5695013,49.28128161,2018/8/7,soybean,Peak
16,125.5695013,49.28128161,2018/7/23,soybean,Maturity
16,125.5695013,49.28128161,2018/9/14,soybean,MidSenescence
16,125.5695013,49.28128161,2018/8/23,soybean,Senescence
16,125.5695013,49.28128161,2018/10/6,soybean,Dormancy
17,125.5310506,49.25627796,2018/5/27,soybean,Greenup
17,125.5310506,49.25627796,2018/6/24,soybean,MidGreenup
17,125.5310506,49.25627796,2018/8/4,soybean,Peak
17,125.5310506,49.25627796,2018/7/19,soybean,Maturity
17,125.5310506,49.25627796,2018/9/11,soybean,MidSenescence
17,125.5310506,49.25627796,2018/8/20,soybean,Senescence
17,125.5310506,49.25627796,2018/10/2,soybean,Dormancy
18,125.5273276,49.25205442,2018/6/3,soybean,Greenup
18,125.5273276,49.25205442,2018/6/26,soybean,MidGreenup
18,125.5273276,49.25205442,2018/8/3,soybean,Peak
18,125.5273276,49.25205442,2018/7/19,soybean,Maturity
18,125.5273276,49.25205442,2018/9/10,soybean,MidSenescence
18,125.5273276,49.25205442,2018/8/19,soybean,Senescence
18,125.5273276,49.25205442,2018/9/30,soybean,Dormancy
19,125.5349191,49.25235185,2018/6/4,soybean,Greenup
19,125.5349191,49.25235185,2018/6/27,soybean,MidGreenup
19,125.5349191,49.25235185,2018/8/4,soybean,Peak
19,125.5349191,49.25235185,2018/7/20,soybean,Maturity
19,125.5349191,49.25235185,2018/9/10,soybean,MidSenescence
19,125.5349191,49.25235185,2018/8/19,soybean,Senescence
19,125.5349191,49.25235185,2018/10/1,soybean,Dormancy
20,125.5292869,49.2477714,2018/6/2,soybean,Greenup
20,125.5292869,49.2477714,2018/6/25,soybean,MidGreenup
20,125.5292869,49.2477714,2018/8/3,soybean,Peak
20,125.5292869,49.2477714,2018/7/18,soybean,Maturity
20,125.5292869,49.2477714,2018/9/10,soybean,MidSenescence
20,125.5292869,49.2477714,2018/8/18,soybean,Senescence
20,125.5292869,49.2477714,2018/10/1,soybean,Dormancy
21,125.5333246,49.23950278,2018/6/2,soybean,Greenup
21,125.5333246,49.23950278,2018/6/26,soybean,MidGreenup
21,125.5333246,49.23950278,2018/8/4,soybean,Peak
21,125.5333246,49.23950278,2018/7/20,soybean,Maturity
21,125.5333246,49.23950278,2018/9/11,soybean,MidSenescence
21,125.5333246,49.23950278,2018/8/20,soybean,Senescence
21,125.5333246,49.23950278,2018/10/2,soybean,Dormancy
22,125.5405205,49.23968124,2018/6/3,soybean,Greenup
22,125.5405205,49.23968124,2018/6/27,soybean,MidGreenup
22,125.5405205,49.23968124,2018/8/4,soybean,Peak
22,125.5405205,49.23968124,2018/7/20,soybean,Maturity
22,125.5405205,49.23968124,2018/9/10,soybean,MidSenescence
22,125.5405205,49.23968124,2018/8/19,soybean,Senescence
22,125.5405205,49.23968124,2018/10/1,soybean,Dormancy
23,125.5468983,49.23968124,2018/6/3,soybean,Greenup
23,125.5468983,49.23968124,2018/6/27,soybean,MidGreenup
23,125.5468983,49.23968124,2018/8/4,soybean,Peak
23,125.5468983,49.23968124,2018/7/20,soybean,Maturity
23,125.5468983,49.23968124,2018/9/10,soybean,MidSenescence
23,125.5468983,49.23968124,2018/8/19,soybean,Senescence
23,125.5468983,49.23968124,2018/10/1,soybean,Dormancy
24,125.5288146,49.23539822,2018/6/2,soybean,Greenup
24,125.5288146,49.23539822,2018/6/26,soybean,MidGreenup
24,125.5288146,49.23539822,2018/8/4,soybean,Peak
24,125.5288146,49.23539822,2018/7/20,soybean,Maturity
24,125.5288146,49.23539822,2018/9/11,soybean,MidSenescence
24,125.5288146,49.23539822,2018/8/20,soybean,Senescence
24,125.5288146,49.23539822,2018/10/2,soybean,Dormancy
25,125.5365274,49.23545771,2018/6/2,soybean,Greenup
25,125.5365274,49.23545771,2018/6/25,soybean,MidGreenup
25,125.5365274,49.23545771,2018/8/3,soybean,Peak
25,125.5365274,49.23545771,2018/7/19,soybean,Maturity
25,125.5365274,49.23545771,2018/9/10,soybean,MidSenescence
25,125.5365274,49.23545771,2018/8/19,soybean,Senescence
25,125.5365274,49.23545771,2018/10/1,soybean,Dormancy
26,125.540691,49.23516027,2018/6/2,soybean,Greenup
26,125.540691,49.23516027,2018/6/25,soybean,MidGreenup
26,125.540691,49.23516027,2018/8/3,soybean,Peak
26,125.540691,49.23516027,2018/7/19,soybean,Maturity
26,125.540691,49.23516027,2018/9/10,soybean,MidSenescence
26,125.540691,49.23516027,2018/8/19,soybean,Senescence
26,125.540691,49.23516027,2018/10/1,soybean,Dormancy
27,125.5379413,49.23117468,2018/6/1,soybean,Greenup
27,125.5379413,49.23117468,2018/6/24,soybean,MidGreenup
27,125.5379413,49.23117468,2018/8/3,soybean,Peak
27,125.5379413,49.23117468,2018/7/19,soybean,Maturity
27,125.5379413,49.23117468,2018/9/11,soybean,MidSenescence
27,125.5379413,49.23117468,2018/8/19,soybean,Senescence
27,125.5379413,49.23117468,2018/10/2,soybean,Dormancy
28,125.7341943,49.18540535,2018/6/8,soybean,Greenup
28,125.7341943,49.18540535,2018/6/29,soybean,MidGreenup
28,125.7341943,49.18540535,2018/8/6,soybean,Peak
28,125.7341943,49.18540535,2018/7/22,soybean,Maturity
28,125.7341943,49.18540535,2018/9/13,soybean,MidSenescence
28,125.7341943,49.18540535,2018/8/22,soybean,Senescence
28,125.7341943,49.18540535,2018/10/4,soybean,Dormancy
29,125.7359001,49.1812413,2018/6/9,soybean,Greenup
29,125.7359001,49.1812413,2018/6/30,soybean,MidGreenup
29,125.7359001,49.1812413,2018/8/6,soybean,Peak
29,125.7359001,49.1812413,2018/7/22,soybean,Maturity
29,125.7359001,49.1812413,2018/9/13,soybean,MidSenescence
29,125.7359001,49.1812413,2018/8/22,soybean,Senescence
29,125.7359001,49.1812413,2018/10/4,soybean,Dormancy
30,125.7431187,49.18136027,2018/6/5,soybean,Greenup
30,125.7431187,49.18136027,2018/6/28,soybean,MidGreenup
30,125.7431187,49.18136027,2018/8/5,soybean,Peak
30,125.7431187,49.18136027,2018/7/21,soybean,Maturity
30,125.7431187,49.18136027,2018/9/12,soybean,MidSenescence
30,125.7431187,49.18136027,2018/8/21,soybean,Senescence
30,125.7431187,49.18136027,2018/10/4,soybean,Dormancy
31,125.7387276,49.17719622,2018/6/3,soybean,Greenup
31,125.7387276,49.17719622,2018/6/27,soybean,MidGreenup
31,125.7387276,49.17719622,2018/8/4,soybean,Peak
31,125.7387276,49.17719622,2018/7/21,soybean,Maturity
31,125.7387276,49.17719622,2018/9/12,soybean,MidSenescence
31,125.7387276,49.17719622,2018/8/20,soybean,Senescence
31,125.7387276,49.17719622,2018/10/5,soybean,Dormancy
32,125.212538,49.00182551,2018/6/1,soybean,Greenup
32,125.212538,49.00182551,2018/6/24,soybean,MidGreenup
32,125.212538,49.00182551,2018/8/1,soybean,Peak
32,125.212538,49.00182551,2018/7/17,soybean,Maturity
32,125.212538,49.00182551,2018/9/8,soybean,MidSenescence
32,125.212538,49.00182551,2018/8/17,soybean,Senescence
32,125.212538,49.00182551,2018/9/28,soybean,Dormancy
33,125.2153348,48.99778044,2018/6/1,soybean,Greenup
33,125.2153348,48.99778044,2018/6/23,soybean,MidGreenup
33,125.2153348,48.99778044,2018/8/1,soybean,Peak
33,125.2153348,48.99778044,2018/7/17,soybean,Maturity
33,125.2153348,48.99778044,2018/9/8,soybean,MidSenescence
33,125.2153348,48.99778044,2018/8/17,soybean,Senescence
33,125.2153348,48.99778044,2018/9/28,soybean,Dormancy
34,125.2200865,49.00212295,2018/6/1,soybean,Greenup
34,125.2200865,49.00212295,2018/6/24,soybean,MidGreenup
34,125.2200865,49.00212295,2018/8/1,soybean,Peak
34,125.2200865,49.00212295,2018/7/17,soybean,Maturity
34,125.2200865,49.00212295,2018/9/8,soybean,MidSenescence
34,125.2200865,49.00212295,2018/8/17,soybean,Senescence
34,125.2200865,49.00212295,2018/9/28,soybean,Dormancy
35,125.4052164,48.9521257,2018/6/7,soybean,Greenup
35,125.4052164,48.9521257,2018/6/30,soybean,MidGreenup
35,125.4052164,48.9521257,2018/8/7,soybean,Peak
35,125.4052164,48.9521257,2018/7/23,soybean,Maturity
35,125.4052164,48.9521257,2018/9/13,soybean,MidSenescence
35,125.4052164,48.9521257,2018/8/22,soybean,Senescence
35,125.4052164,48.9521257,2018/10/3,soybean,Dormancy
36,125.40064,48.94765232,2018/6/4,soybean,Greenup
36,125.40064,48.94765232,2018/6/27,soybean,MidGreenup
36,125.40064,48.94765232,2018/8/5,soybean,Peak
36,125.40064,48.94765232,2018/7/21,soybean,Maturity
36,125.40064,48.94765232,2018/9/12,soybean,MidSenescence
36,125.40064,48.94765232,2018/8/21,soybean,Senescence
36,125.40064,48.94765232,2018/10/2,soybean,Dormancy
37,125.4067268,48.94765232,2018/6/4,soybean,Greenup
37,125.4067268,48.94765232,2018/6/27,soybean,MidGreenup
37,125.4067268,48.94765232,2018/8/5,soybean,Peak
37,125.4067268,48.94765232,2018/7/21,soybean,Maturity
37,125.4067268,48.94765232,2018/9/12,soybean,MidSenescence
37,125.4067268,48.94765232,2018/8/21,soybean,Senescence
37,125.4067268,48.94765232,2018/10/2,soybean,Dormancy
38,125.4091423,48.94378808,2018/6/4,soybean,Greenup
38,125.4091423,48.94378808,2018/6/26,soybean,MidGreenup
38,125.4091423,48.94378808,2018/8/4,soybean,Peak
38,125.4091423,48.94378808,2018/7/20,soybean,Maturity
38,125.4091423,48.94378808,2018/9/11,soybean,MidSenescence
38,125.4091423,48.94378808,2018/8/20,soybean,Senescence
38,125.4091423,48.94378808,2018/10/2,soybean,Dormancy
39,125.4166156,48.9439594,2018/6/5,soybean,Greenup
39,125.4166156,48.9439594,2018/6/28,soybean,MidGreenup
39,125.4166156,48.9439594,2018/8/5,soybean,Peak
39,125.4166156,48.9439594,2018/7/21,soybean,Maturity
39,125.4166156,48.9439594,2018/9/12,soybean,MidSenescence
39,125.4166156,48.9439594,2018/8/21,soybean,Senescence
39,125.4166156,48.9439594,2018/10/2,soybean,Dormancy
40,125.4115389,48.93944795,2018/6/4,soybean,Greenup
40,125.4115389,48.93944795,2018/6/27,soybean,MidGreenup
40,125.4115389,48.93944795,2018/8/5,soybean,Peak
40,125.4115389,48.93944795,2018/7/21,soybean,Maturity
40,125.4115389,48.93944795,2018/9/12,soybean,MidSenescence
40,125.4115389,48.93944795,2018/8/21,soybean,Senescence
40,125.4115389,48.93944795,2018/10/2,soybean,Dormancy
41,125.3972305,48.94378808,2018/6/1,soybean,Greenup
41,125.3972305,48.94378808,2018/6/25,soybean,MidGreenup
41,125.3972305,48.94378808,2018/8/4,soybean,Peak
41,125.3972305,48.94378808,2018/7/19,soybean,Maturity
41,125.3972305,48.94378808,2018/9/11,soybean,MidSenescence
41,125.3972305,48.94378808,2018/8/20,soybean,Senescence
41,125.3972305,48.94378808,2018/10/1,soybean,Dormancy
42,125.4177826,48.93940988,2018/6/4,soybean,Greenup
42,125.4177826,48.93940988,2018/6/27,soybean,MidGreenup
42,125.4177826,48.93940988,2018/8/5,soybean,Peak
42,125.4177826,48.93940988,2018/7/21,soybean,Maturity
42,125.4177826,48.93940988,2018/9/12,soybean,MidSenescence
42,125.4177826,48.93940988,2018/8/21,soybean,Senescence
42,125.4177826,48.93940988,2018/10/2,soybean,Dormancy
43,125.4673666,48.93110557,2018/6/1,soybean,Greenup
43,125.4673666,48.93110557,2018/6/23,soybean,MidGreenup
43,125.4673666,48.93110557,2018/8/1,soybean,Peak
43,125.4673666,48.93110557,2018/7/17,soybean,Maturity
43,125.4673666,48.93110557,2018/9/8,soybean,MidSenescence
43,125.4673666,48.93110557,2018/8/17,soybean,Senescence
43,125.4673666,48.93110557,2018/9/28,soybean,Dormancy
44,125.4728753,48.93096281,2018/6/1,soybean,Greenup
44,125.4728753,48.93096281,2018/6/23,soybean,MidGreenup
44,125.4728753,48.93096281,2018/8/1,soybean,Peak
44,125.4728753,48.93096281,2018/7/17,soybean,Maturity
44,125.4728753,48.93096281,2018/9/7,soybean,MidSenescence
44,125.4728753,48.93096281,2018/8/17,soybean,Senescence
44,125.4728753,48.93096281,2018/9/27,soybean,Dormancy
45,125.4685938,48.92675117,2018/6/1,soybean,Greenup
45,125.4685938,48.92675117,2018/6/23,soybean,MidGreenup
45,125.4685938,48.92675117,2018/8/1,soybean,Peak
45,125.4685938,48.92675117,2018/7/17,soybean,Maturity
45,125.4685938,48.92675117,2018/9/8,soybean,MidSenescence
45,125.4685938,48.92675117,2018/8/17,soybean,Senescence
45,125.4685938,48.92675117,2018/9/28,soybean,Dormancy
46,125.4747109,48.92689394,2018/6/1,soybean,Greenup
46,125.4747109,48.92689394,2018/6/23,soybean,MidGreenup
46,125.4747109,48.92689394,2018/8/1,soybean,Peak
46,125.4747109,48.92689394,2018/7/17,soybean,Maturity
46,125.4747109,48.92689394,2018/9/7,soybean,MidSenescence
46,125.4747109,48.92689394,2018/8/17,soybean,Senescence
46,125.4747109,48.92689394,2018/9/27,soybean,Dormancy
47,125.4450849,48.92253953,2018/5/29,soybean,Greenup
47,125.4450849,48.92253953,2018/6/22,soybean,MidGreenup
47,125.4450849,48.92253953,2018/8/1,soybean,Peak
47,125.4450849,48.92253953,2018/7/17,soybean,Maturity
47,125.4450849,48.92253953,2018/9/8,soybean,MidSenescence
47,125.4450849,48.92253953,2018/8/17,soybean,Senescence
47,125.4450849,48.92253953,2018/9/28,soybean,Dormancy
48,125.4409058,48.91875619,2018/5/31,soybean,Greenup
48,125.4409058,48.91875619,2018/6/23,soybean,MidGreenup
48,125.4409058,48.91875619,2018/8/1,soybean,Peak
48,125.4409058,48.91875619,2018/7/17,soybean,Maturity
48,125.4409058,48.91875619,2018/9/7,soybean,MidSenescence
48,125.4409058,48.91875619,2018/8/17,soybean,Senescence
48,125.4409058,48.91875619,2018/9/27,soybean,Dormancy
49,125.4482219,48.91868481,2018/5/31,soybean,Greenup
49,125.4482219,48.91868481,2018/6/23,soybean,MidGreenup
49,125.4482219,48.91868481,2018/8/1,soybean,Peak
49,125.4482219,48.91868481,2018/7/17,soybean,Maturity
49,125.4482219,48.91868481,2018/9/7,soybean,MidSenescence
49,125.4482219,48.91868481,2018/8/17,soybean,Senescence
49,125.4482219,48.91868481,2018/9/27,soybean,Dormancy
50,125.3761331,48.91026153,2018/5/31,soybean,Greenup
50,125.3761331,48.91026153,2018/6/22,soybean,MidGreenup
50,125.3761331,48.91026153,2018/7/31,soybean,Peak
50,125.3761331,48.91026153,2018/7/16,soybean,Maturity
50,125.3761331,48.91026153,2018/9/8,soybean,MidSenescence
50,125.3761331,48.91026153,2018/8/17,soybean,Senescence
50,125.3761331,48.91026153,2018/9/29,soybean,Dormancy
51,125.3352227,48.86851484,2018/5/27,soybean,Greenup
51,125.3352227,48.86851484,2018/6/22,soybean,MidGreenup
51,125.3352227,48.86851484,2018/8/1,soybean,Peak
51,125.3352227,48.86851484,2018/7/17,soybean,Maturity
51,125.3352227,48.86851484,2018/9/9,soybean,MidSenescence
51,125.3352227,48.86851484,2018/8/17,soybean,Senescence
51,125.3352227,48.86851484,2018/10/2,soybean,Dormancy
52,125.3954661,48.88514724,2018/6/1,soybean,Greenup
52,125.3954661,48.88514724,2018/6/24,soybean,MidGreenup
52,125.3954661,48.88514724,2018/8/2,soybean,Peak
52,125.3954661,48.88514724,2018/7/18,soybean,Maturity
52,125.3954661,48.88514724,2018/9/10,soybean,MidSenescence
52,125.3954661,48.88514724,2018/8/18,soybean,Senescence
52,125.3954661,48.88514724,2018/10/1,soybean,Dormancy
53,125.3979705,48.88086422,2018/5/30,soybean,Greenup
53,125.3979705,48.88086422,2018/6/22,soybean,MidGreenup
53,125.3979705,48.88086422,2018/8/1,soybean,Peak
53,125.3979705,48.88086422,2018/7/16,soybean,Maturity
53,125.3979705,48.88086422,2018/9/9,soybean,MidSenescence
53,125.3979705,48.88086422,2018/8/17,soybean,Senescence
53,125.3979705,48.88086422,2018/9/29,soybean,Dormancy
54,125.5736156,48.88532332,2018/6/2,soybean,Greenup
54,125.5736156,48.88532332,2018/6/24,soybean,MidGreenup
54,125.5736156,48.88532332,2018/8/1,soybean,Peak
54,125.5736156,48.88532332,2018/7/17,soybean,Maturity
54,125.5736156,48.88532332,2018/9/7,soybean,MidSenescence
54,125.5736156,48.88532332,2018/8/16,soybean,Senescence
54,125.5736156,48.88532332,2018/9/28,soybean,Dormancy
55,125.5798834,48.88551368,2018/6/2,soybean,Greenup
55,125.5798834,48.88551368,2018/6/24,soybean,MidGreenup
55,125.5798834,48.88551368,2018/8/1,soybean,Peak
55,125.5798834,48.88551368,2018/7/17,soybean,Maturity
55,125.5798834,48.88551368,2018/9/7,soybean,MidSenescence
55,125.5798834,48.88551368,2018/8/16,soybean,Senescence
55,125.5798834,48.88551368,2018/9/28,soybean,Dormancy
56,125.5684627,48.88084994,2018/6/4,soybean,Greenup
56,125.5684627,48.88084994,2018/6/26,soybean,MidGreenup
56,125.5684627,48.88084994,2018/8/4,soybean,Peak
56,125.5684627,48.88084994,2018/7/20,soybean,Maturity
56,125.5684627,48.88084994,2018/9/10,soybean,MidSenescence
56,125.5684627,48.88084994,2018/8/20,soybean,Senescence
56,125.5684627,48.88084994,2018/10/1,soybean,Dormancy
57,125.6997932,48.82722138,2018/6/2,soybean,Greenup
57,125.6997932,48.82722138,2018/6/27,soybean,MidGreenup
57,125.6997932,48.82722138,2018/8/5,soybean,Peak
57,125.6997932,48.82722138,2018/7/21,soybean,Maturity
57,125.6997932,48.82722138,2018/9/11,soybean,MidSenescence
57,125.6997932,48.82722138,2018/8/20,soybean,Senescence
57,125.6997932,48.82722138,2018/10/1,soybean,Dormancy
58,125.9228855,48.8604148,2018/6/1,soybean,Greenup
58,125.9228855,48.8604148,2018/6/26,soybean,MidGreenup
58,125.9228855,48.8604148,2018/8/4,soybean,Peak
58,125.9228855,48.8604148,2018/7/20,soybean,Maturity
58,125.9228855,48.8604148,2018/9/11,soybean,MidSenescence
58,125.9228855,48.8604148,2018/8/20,soybean,Senescence
58,125.9228855,48.8604148,2018/10/1,soybean,Dormancy
59,125.9112136,48.85577486,2018/5/21,soybean,Greenup
59,125.9112136,48.85577486,2018/6/16,soybean,MidGreenup
59,125.9112136,48.85577486,2018/8/1,soybean,Peak
59,125.9112136,48.85577486,2018/7/15,soybean,Maturity
59,125.9112136,48.85577486,2018/9/10,soybean,MidSenescence
59,125.9112136,48.85577486,2018/8/18,soybean,Senescence
59,125.9112136,48.85577486,2018/10/1,soybean,Dormancy
60,125.9170723,48.85577486,2018/6/3,soybean,Greenup
60,125.9170723,48.85577486,2018/6/26,soybean,MidGreenup
60,125.9170723,48.85577486,2018/8/4,soybean,Peak
60,125.9170723,48.85577486,2018/7/20,soybean,Maturity
60,125.9170723,48.85577486,2018/9/10,soybean,MidSenescence
60,125.9170723,48.85577486,2018/8/20,soybean,Senescence
60,125.9170723,48.85577486,2018/9/30,soybean,Dormancy
61,125.9139576,48.85199153,2018/6/3,soybean,Greenup
61,125.9139576,48.85199153,2018/6/27,soybean,MidGreenup
61,125.9139576,48.85199153,2018/8/3,soybean,Peak
61,125.9139576,48.85199153,2018/7/20,soybean,Maturity
61,125.9139576,48.85199153,2018/9/9,soybean,MidSenescence
61,125.9139576,48.85199153,2018/8/19,soybean,Senescence
61,125.9139576,48.85199153,2018/9/30,soybean,Dormancy
62,125.9201786,48.85192014,2018/6/1,soybean,Greenup
62,125.9201786,48.85192014,2018/6/25,soybean,MidGreenup
62,125.9201786,48.85192014,2018/8/3,soybean,Peak
62,125.9201786,48.85192014,2018/7/19,soybean,Maturity
62,125.9201786,48.85192014,2018/9/11,soybean,MidSenescence
62,125.9201786,48.85192014,2018/8/19,soybean,Senescence
62,125.9201786,48.85192014,2018/10/1,soybean,Dormancy
63,126.0398103,48.8515947,2018/6/5,soybean,Greenup
63,126.0398103,48.8515947,2018/7/1,soybean,MidGreenup
63,126.0398103,48.8515947,2018/8/7,soybean,Peak
63,126.0398103,48.8515947,2018/7/24,soybean,Maturity
63,126.0398103,48.8515947,2018/9/14,soybean,MidSenescence
63,126.0398103,48.8515947,2018/8/23,soybean,Senescence
63,126.0398103,48.8515947,2018/10/5,soybean,Dormancy
64,126.0358347,48.8476091,2018/6/2,soybean,Greenup
64,126.0358347,48.8476091,2018/6/29,soybean,MidGreenup
64,126.0358347,48.8476091,2018/8/7,soybean,Peak
64,126.0358347,48.8476091,2018/7/23,soybean,Maturity
64,126.0358347,48.8476091,2018/9/14,soybean,MidSenescence
64,126.0358347,48.8476091,2018/8/23,soybean,Senescence
64,126.0358347,48.8476091,2018/10/4,soybean,Dormancy
65,126.076905,48.84356403,2018/6/3,soybean,Greenup
65,126.076905,48.84356403,2018/6/28,soybean,MidGreenup
65,126.076905,48.84356403,2018/8/7,soybean,Peak
65,126.076905,48.84356403,2018/7/23,soybean,Maturity
65,126.076905,48.84356403,2018/9/13,soybean,MidSenescence
65,126.076905,48.84356403,2018/8/23,soybean,Senescence
65,126.076905,48.84356403,2018/10/3,soybean,Dormancy
66,126.4529237,48.8144083,2018/6/3,soybean,Greenup
66,126.4529237,48.8144083,2018/6/26,soybean,MidGreenup
66,126.4529237,48.8144083,2018/8/4,soybean,Peak
66,126.4529237,48.8144083,2018/7/20,soybean,Maturity
66,126.4529237,48.8144083,2018/9/9,soybean,MidSenescence
66,126.4529237,48.8144083,2018/8/19,soybean,Senescence
66,126.4529237,48.8144083,2018/9/29,soybean,Dormancy
67,126.4591027,48.8144083,2018/6/2,soybean,Greenup
67,126.4591027,48.8144083,2018/6/25,soybean,MidGreenup
67,126.4591027,48.8144083,2018/8/3,soybean,Peak
67,126.4591027,48.8144083,2018/7/19,soybean,Maturity
67,126.4591027,48.8144083,2018/9/9,soybean,MidSenescence
67,126.4591027,48.8144083,2018/8/19,soybean,Senescence
67,126.4591027,48.8144083,2018/9/30,soybean,Dormancy
68,126.4553769,48.81069635,2018/6/3,soybean,Greenup
68,126.4553769,48.81069635,2018/6/26,soybean,MidGreenup
68,126.4553769,48.81069635,2018/8/4,soybean,Peak
68,126.4553769,48.81069635,2018/7/20,soybean,Maturity
68,126.4553769,48.81069635,2018/9/9,soybean,MidSenescence
68,126.4553769,48.81069635,2018/8/19,soybean,Senescence
68,126.4553769,48.81069635,2018/9/29,soybean,Dormancy
69,126.4489835,48.81048219,2018/6/1,soybean,Greenup
69,126.4489835,48.81048219,2018/6/25,soybean,MidGreenup
69,126.4489835,48.81048219,2018/8/3,soybean,Peak
69,126.4489835,48.81048219,2018/7/19,soybean,Maturity
69,126.4489835,48.81048219,2018/9/9,soybean,MidSenescence
69,126.4489835,48.81048219,2018/8/19,soybean,Senescence
69,126.4489835,48.81048219,2018/9/29,soybean,Dormancy
70,126.6250644,48.70233729,2018/6/1,soybean,Greenup
70,126.6250644,48.70233729,2018/6/26,soybean,MidGreenup
70,126.6250644,48.70233729,2018/8/6,soybean,Peak
70,126.6250644,48.70233729,2018/7/21,soybean,Maturity
70,126.6250644,48.70233729,2018/9/12,soybean,MidSenescence
70,126.6250644,48.70233729,2018/8/22,soybean,Senescence
70,126.6250644,48.70233729,2018/10/2,soybean,Dormancy
71,126.6198034,48.69759741,2018/6/9,soybean,Greenup
71,126.6198034,48.69759741,2018/7/2,soybean,MidGreenup
71,126.6198034,48.69759741,2018/8/9,soybean,Peak
71,126.6198034,48.69759741,2018/7/25,soybean,Maturity
71,126.6198034,48.69759741,2018/9/13,soybean,MidSenescence
71,126.6198034,48.69759741,2018/8/24,soybean,Senescence
71,126.6198034,48.69759741,2018/10/3,soybean,Dormancy
72,126.6218668,48.69308596,2018/6/9,soybean,Greenup
72,126.6218668,48.69308596,2018/7/3,soybean,MidGreenup
72,126.6218668,48.69308596,2018/8/9,soybean,Peak
72,126.6218668,48.69308596,2018/7/26,soybean,Maturity
72,126.6218668,48.69308596,2018/9/14,soybean,MidSenescence
72,126.6218668,48.69308596,2018/8/24,soybean,Senescence
72,126.6218668,48.69308596,2018/10/3,soybean,Dormancy
73,125.7135335,48.57732105,2018/6/9,soybean,Greenup
73,125.7135335,48.57732105,2018/6/30,soybean,MidGreenup
73,125.7135335,48.57732105,2018/8/5,soybean,Peak
73,125.7135335,48.57732105,2018/7/22,soybean,Maturity
73,125.7135335,48.57732105,2018/9/10,soybean,MidSenescence
73,125.7135335,48.57732105,2018/8/20,soybean,Senescence
73,125.7135335,48.57732105,2018/9/30,soybean,Dormancy
74,125.7161765,48.58111526,2018/6/10,soybean,Greenup
74,125.7161765,48.58111526,2018/6/30,soybean,MidGreenup
74,125.7161765,48.58111526,2018/8/5,soybean,Peak
74,125.7161765,48.58111526,2018/7/22,soybean,Maturity
74,125.7161765,48.58111526,2018/9/10,soybean,MidSenescence
74,125.7161765,48.58111526,2018/8/20,soybean,Senescence
74,125.7161765,48.58111526,2018/9/29,soybean,Dormancy
75,125.7884416,48.57729175,2018/6/5,soybean,Greenup
75,125.7884416,48.57729175,2018/6/28,soybean,MidGreenup
75,125.7884416,48.57729175,2018/8/4,soybean,Peak
75,125.7884416,48.57729175,2018/7/21,soybean,Maturity
75,125.7884416,48.57729175,2018/9/8,soybean,MidSenescence
75,125.7884416,48.57729175,2018/8/18,soybean,Senescence
75,125.7884416,48.57729175,2018/9/28,soybean,Dormancy
76,126.0297186,48.63131534,2018/6/7,soybean,Greenup
76,126.0297186,48.63131534,2018/6/29,soybean,MidGreenup
76,126.0297186,48.63131534,2018/8/4,soybean,Peak
76,126.0297186,48.63131534,2018/7/21,soybean,Maturity
76,126.0297186,48.63131534,2018/9/10,soybean,MidSenescence
76,126.0297186,48.63131534,2018/8/19,soybean,Senescence
76,126.0297186,48.63131534,2018/10/1,soybean,Dormancy
77,126.0364207,48.63078158,2018/6/7,soybean,Greenup
77,126.0364207,48.63078158,2018/6/29,soybean,MidGreenup
77,126.0364207,48.63078158,2018/8/4,soybean,Peak
77,126.0364207,48.63078158,2018/7/21,soybean,Maturity
77,126.0364207,48.63078158,2018/9/10,soybean,MidSenescence
77,126.0364207,48.63078158,2018/8/19,soybean,Senescence
77,126.0364207,48.63078158,2018/10/1,soybean,Dormancy
78,126.0085292,48.62740754,2018/6/8,soybean,Greenup
78,126.0085292,48.62740754,2018/6/30,soybean,MidGreenup
78,126.0085292,48.62740754,2018/8/5,soybean,Peak
78,126.0085292,48.62740754,2018/7/22,soybean,Maturity
78,126.0085292,48.62740754,2018/9/11,soybean,MidSenescence
78,126.0085292,48.62740754,2018/8/20,soybean,Senescence
78,126.0085292,48.62740754,2018/10/1,soybean,Dormancy
79,126.2704243,48.59438125,2018/6/2,soybean,Greenup
79,126.2704243,48.59438125,2018/6/27,soybean,MidGreenup
79,126.2704243,48.59438125,2018/8/5,soybean,Peak
79,126.2704243,48.59438125,2018/7/21,soybean,Maturity
79,126.2704243,48.59438125,2018/9/11,soybean,MidSenescence
79,126.2704243,48.59438125,2018/8/21,soybean,Senescence
79,126.2704243,48.59438125,2018/10/2,soybean,Dormancy
80,125.3167849,47.28953457,2018/6/3,soybean,Greenup
80,125.3167849,47.28953457,2018/6/24,soybean,MidGreenup
80,125.3167849,47.28953457,2018/8/1,soybean,Peak
80,125.3167849,47.28953457,2018/7/17,soybean,Maturity
80,125.3167849,47.28953457,2018/9/10,soybean,MidSenescence
80,125.3167849,47.28953457,2018/8/17,soybean,Senescence
80,125.3167849,47.28953457,2018/10/4,soybean,Dormancy
81,125.3219068,47.29382372,2018/6/4,soybean,Greenup
81,125.3219068,47.29382372,2018/6/24,soybean,MidGreenup
81,125.3219068,47.29382372,2018/7/31,soybean,Peak
81,125.3219068,47.29382372,2018/7/16,soybean,Maturity
81,125.3219068,47.29382372,2018/9/9,soybean,MidSenescence
81,125.3219068,47.29382372,2018/8/16,soybean,Senescence
81,125.3219068,47.29382372,2018/10/3,soybean,Dormancy
82,124.8379223,47.28153812,2018/6/8,soybean,Greenup
82,124.8379223,47.28153812,2018/6/30,soybean,MidGreenup
82,124.8379223,47.28153812,2018/8/8,soybean,Peak
82,124.8379223,47.28153812,2018/7/23,soybean,Maturity
82,124.8379223,47.28153812,2018/9/17,soybean,MidSenescence
82,124.8379223,47.28153812,2018/8/25,soybean,Senescence
82,124.8379223,47.28153812,2018/10/9,soybean,Dormancy
83,125.2409027,47.32759991,2018/6/9,soybean,Greenup
83,125.2409027,47.32759991,2018/6/29,soybean,MidGreenup
83,125.2409027,47.32759991,2018/8/4,soybean,Peak
83,125.2409027,47.32759991,2018/7/21,soybean,Maturity
83,125.2409027,47.32759991,2018/9/12,soybean,MidSenescence
83,125.2409027,47.32759991,2018/8/20,soybean,Senescence
83,125.2409027,47.32759991,2018/10/3,soybean,Dormancy
84,125.8809126,48.50632755,2018/6/6,soybean,Greenup
84,125.8809126,48.50632755,2018/6/28,soybean,MidGreenup
84,125.8809126,48.50632755,2018/8/3,soybean,Peak
84,125.8809126,48.50632755,2018/7/20,soybean,Maturity
84,125.8809126,48.50632755,2018/9/8,soybean,MidSenescence
84,125.8809126,48.50632755,2018/8/18,soybean,Senescence
84,125.8809126,48.50632755,2018/9/28,soybean,Dormancy
85,125.8908726,48.50187378,2018/6/11,soybean,Greenup
85,125.8908726,48.50187378,2018/7/1,soybean,MidGreenup
85,125.8908726,48.50187378,2018/8/6,soybean,Peak
85,125.8908726,48.50187378,2018/7/23,soybean,Maturity
85,125.8908726,48.50187378,2018/9/11,soybean,MidSenescence
85,125.8908726,48.50187378,2018/8/21,soybean,Senescence
85,125.8908726,48.50187378,2018/10/1,soybean,Dormancy
86,125.91398,48.50626626,2018/6/9,soybean,Greenup
86,125.91398,48.50626626,2018/6/30,soybean,MidGreenup
86,125.91398,48.50626626,2018/8/4,soybean,Peak
86,125.91398,48.50626626,2018/7/21,soybean,Maturity
86,125.91398,48.50626626,2018/9/10,soybean,MidSenescence
86,125.91398,48.50626626,2018/8/20,soybean,Senescence
86,125.91398,48.50626626,2018/9/30,soybean,Dormancy
87,125.9157804,48.50205445,2018/6/9,soybean,Greenup
87,125.9157804,48.50205445,2018/6/29,soybean,MidGreenup
87,125.9157804,48.50205445,2018/8/4,soybean,Peak
87,125.9157804,48.50205445,2018/7/21,soybean,Maturity
87,125.9157804,48.50205445,2018/9/8,soybean,MidSenescence
87,125.9157804,48.50205445,2018/8/19,soybean,Senescence
87,125.9157804,48.50205445,2018/9/28,soybean,Dormancy
88,125.0432705,47.42292104,2018/6/9,soybean,Greenup
88,125.0432705,47.42292104,2018/7/2,soybean,MidGreenup
88,125.0432705,47.42292104,2018/8/9,soybean,Peak
88,125.0432705,47.42292104,2018/7/25,soybean,Maturity
88,125.0432705,47.42292104,2018/9/18,soybean,MidSenescence
88,125.0432705,47.42292104,2018/8/26,soybean,Senescence
88,125.0432705,47.42292104,2018/10/10,soybean,Dormancy
89,125.3997462,49.36027399,2018/6/18,soybean,Greenup
89,125.3997462,49.36027399,2018/7/8,soybean,MidGreenup
89,125.3997462,49.36027399,2018/8/11,soybean,Peak
89,125.3997462,49.36027399,2018/7/29,soybean,Maturity
89,125.3997462,49.36027399,2018/9/15,soybean,MidSenescence
89,125.3997462,49.36027399,2018/8/25,soybean,Senescence
89,125.3997462,49.36027399,2018/10/3,soybean,Dormancy
90,125.3975153,49.35666422,2018/6/17,soybean,Greenup
90,125.3975153,49.35666422,2018/7/7,soybean,MidGreenup
90,125.3975153,49.35666422,2018/8/11,soybean,Peak
90,125.3975153,49.35666422,2018/7/28,soybean,Maturity
90,125.3975153,49.35666422,2018/9/14,soybean,MidSenescence
90,125.3975153,49.35666422,2018/8/25,soybean,Senescence
90,125.3975153,49.35666422,2018/10/4,soybean,Dormancy
91,125.4028172,49.35643982,2018/6/17,soybean,Greenup
91,125.4028172,49.35643982,2018/7/7,soybean,MidGreenup
91,125.4028172,49.35643982,2018/8/11,soybean,Peak
91,125.4028172,49.35643982,2018/7/28,soybean,Maturity
91,125.4028172,49.35643982,2018/9/14,soybean,MidSenescence
91,125.4028172,49.35643982,2018/8/25,soybean,Senescence
91,125.4028172,49.35643982,2018/10/4,soybean,Dormancy
92,125.3981855,49.35208973,2018/6/19,soybean,Greenup
92,125.3981855,49.35208973,2018/7/8,soybean,MidGreenup
92,125.3981855,49.35208973,2018/8/10,soybean,Peak
92,125.3981855,49.35208973,2018/7/28,soybean,Maturity
92,125.3981855,49.35208973,2018/9/13,soybean,MidSenescence
92,125.3981855,49.35208973,2018/8/24,soybean,Senescence
92,125.3981855,49.35208973,2018/10/2,soybean,Dormancy
93,125.4042533,49.36474086,2018/6/20,soybean,Greenup
93,125.4042533,49.36474086,2018/7/9,soybean,MidGreenup
93,125.4042533,49.36474086,2018/8/11,soybean,Peak
93,125.4042533,49.36474086,2018/7/29,soybean,Maturity
93,125.4042533,49.36474086,2018/9/13,soybean,MidSenescence
93,125.4042533,49.36474086,2018/8/25,soybean,Senescence
93,125.4042533,49.36474086,2018/10/2,soybean,Dormancy
94,125.4081665,49.36844874,2018/6/20,soybean,Greenup
94,125.4081665,49.36844874,2018/7/9,soybean,MidGreenup
94,125.4081665,49.36844874,2018/8/11,soybean,Peak
94,125.4081665,49.36844874,2018/7/29,soybean,Maturity
94,125.4081665,49.36844874,2018/9/13,soybean,MidSenescence
94,125.4081665,49.36844874,2018/8/24,soybean,Senescence
94,125.4081665,49.36844874,2018/10/2,soybean,Dormancy
95,125.4353832,49.25635231,2018/6/17,soybean,Greenup
95,125.4353832,49.25635231,2018/7/6,soybean,MidGreenup
95,125.4353832,49.25635231,2018/8/9,soybean,Peak
95,125.4353832,49.25635231,2018/7/27,soybean,Maturity
95,125.4353832,49.25635231,2018/9/14,soybean,MidSenescence
95,125.4353832,49.25635231,2018/8/24,soybean,Senescence
95,125.4353832,49.25635231,2018/10/3,soybean,Dormancy
96,125.4332641,49.26058632,2018/6/16,soybean,Greenup
96,125.4332641,49.26058632,2018/7/6,soybean,MidGreenup
96,125.4332641,49.26058632,2018/8/10,soybean,Peak
96,125.4332641,49.26058632,2018/7/27,soybean,Maturity
96,125.4332641,49.26058632,2018/9/14,soybean,MidSenescence
96,125.4332641,49.26058632,2018/8/25,soybean,Senescence
96,125.4332641,49.26058632,2018/10/4,soybean,Dormancy
97,125.4465658,49.26040046,2018/6/12,soybean,Greenup
97,125.4465658,49.26040046,2018/7/4,soybean,MidGreenup
97,125.4465658,49.26040046,2018/8/8,soybean,Peak
97,125.4465658,49.26040046,2018/7/25,soybean,Maturity
97,125.4465658,49.26040046,2018/9/13,soybean,MidSenescence
97,125.4465658,49.26040046,2018/8/23,soybean,Senescence
97,125.4465658,49.26040046,2018/10/3,soybean,Dormancy
98,125.4092647,49.25618614,2018/6/18,soybean,Greenup
98,125.4092647,49.25618614,2018/7/7,soybean,MidGreenup
98,125.4092647,49.25618614,2018/8/9,soybean,Peak
98,125.4092647,49.25618614,2018/7/27,soybean,Maturity
98,125.4092647,49.25618614,2018/9/13,soybean,MidSenescence
98,125.4092647,49.25618614,2018/8/23,soybean,Senescence
98,125.4092647,49.25618614,2018/10/2,soybean,Dormancy
99,125.4063117,49.25229642,2018/6/16,soybean,Greenup
99,125.4063117,49.25229642,2018/7/6,soybean,MidGreenup
99,125.4063117,49.25229642,2018/8/8,soybean,Peak
99,125.4063117,49.25229642,2018/7/26,soybean,Maturity
99,125.4063117,49.25229642,2018/9/12,soybean,MidSenescence
99,125.4063117,49.25229642,2018/8/23,soybean,Senescence
99,125.4063117,49.25229642,2018/10/1,soybean,Dormancy
100,125.3659955,49.24413207,2018/6/14,soybean,Greenup
100,125.3659955,49.24413207,2018/7/3,soybean,MidGreenup
100,125.3659955,49.24413207,2018/8/6,soybean,Peak
100,125.3659955,49.24413207,2018/7/24,soybean,Maturity
100,125.3659955,49.24413207,2018/9/10,soybean,MidSenescence
100,125.3659955,49.24413207,2018/8/20,soybean,Senescence
100,125.3659955,49.24413207,2018/9/29,soybean,Dormancy
101,125.382316,49.23575108,2018/6/14,soybean,Greenup
101,125.382316,49.23575108,2018/7/5,soybean,MidGreenup
101,125.382316,49.23575108,2018/8/7,soybean,Peak
101,125.382316,49.23575108,2018/7/25,soybean,Maturity
101,125.382316,49.23575108,2018/9/10,soybean,MidSenescence
101,125.382316,49.23575108,2018/8/21,soybean,Senescence
101,125.382316,49.23575108,2018/9/29,soybean,Dormancy
102,125.3779857,49.20613417,2018/6/9,soybean,Greenup
102,125.3779857,49.20613417,2018/6/30,soybean,MidGreenup
102,125.3779857,49.20613417,2018/8/5,soybean,Peak
102,125.3779857,49.20613417,2018/7/22,soybean,Maturity
102,125.3779857,49.20613417,2018/9/10,soybean,MidSenescence
102,125.3779857,49.20613417,2018/8/20,soybean,Senescence
102,125.3779857,49.20613417,2018/9/30,soybean,Dormancy
103,125.3941357,49.20203946,2018/6/12,soybean,Greenup
103,125.3941357,49.20203946,2018/7/3,soybean,MidGreenup
103,125.3941357,49.20203946,2018/8/8,soybean,Peak
103,125.3941357,49.20203946,2018/7/25,soybean,Maturity
103,125.3941357,49.20203946,2018/9/12,soybean,MidSenescence
103,125.3941357,49.20203946,2018/8/22,soybean,Senescence
103,125.3941357,49.20203946,2018/10/1,soybean,Dormancy
104,125.3188997,49.21044642,2018/6/14,soybean,Greenup
104,125.3188997,49.21044642,2018/7/3,soybean,MidGreenup
104,125.3188997,49.21044642,2018/8/7,soybean,Peak
104,125.3188997,49.21044642,2018/7/24,soybean,Maturity
104,125.3188997,49.21044642,2018/9/12,soybean,MidSenescence
104,125.3188997,49.21044642,2018/8/22,soybean,Senescence
104,125.3188997,49.21044642,2018/10/2,soybean,Dormancy
105,125.2760326,49.19842693,2018/6/15,soybean,Greenup
105,125.2760326,49.19842693,2018/7/4,soybean,MidGreenup
105,125.2760326,49.19842693,2018/8/7,soybean,Peak
105,125.2760326,49.19842693,2018/7/25,soybean,Maturity
105,125.2760326,49.19842693,2018/9/11,soybean,MidSenescence
105,125.2760326,49.19842693,2018/8/22,soybean,Senescence
105,125.2760326,49.19842693,2018/10/1,soybean,Dormancy
106,125.2723264,49.20196326,2018/6/14,soybean,Greenup
106,125.2723264,49.20196326,2018/7/4,soybean,MidGreenup
106,125.2723264,49.20196326,2018/8/7,soybean,Peak
106,125.2723264,49.20196326,2018/7/25,soybean,Maturity
106,125.2723264,49.20196326,2018/9/12,soybean,MidSenescence
106,125.2723264,49.20196326,2018/8/22,soybean,Senescence
106,125.2723264,49.20196326,2018/10/1,soybean,Dormancy
107,125.2780628,49.19399526,2018/6/13,soybean,Greenup
107,125.2780628,49.19399526,2018/7/2,soybean,MidGreenup
107,125.2780628,49.19399526,2018/8/5,soybean,Peak
107,125.2780628,49.19399526,2018/7/23,soybean,Maturity
107,125.2780628,49.19399526,2018/9/10,soybean,MidSenescence
107,125.2780628,49.19399526,2018/8/20,soybean,Senescence
107,125.2780628,49.19399526,2018/9/30,soybean,Dormancy
108,125.865949,48.45654236,2018/6/9,soybean,Greenup
108,125.865949,48.45654236,2018/6/29,soybean,MidGreenup
108,125.865949,48.45654236,2018/8/4,soybean,Peak
108,125.865949,48.45654236,2018/7/21,soybean,Maturity
108,125.865949,48.45654236,2018/9/8,soybean,MidSenescence
108,125.865949,48.45654236,2018/8/19,soybean,Senescence
108,125.865949,48.45654236,2018/9/28,soybean,Dormancy
109,125.8724419,48.46352239,2018/6/10,soybean,Greenup
109,125.8724419,48.46352239,2018/6/30,soybean,MidGreenup
109,125.8724419,48.46352239,2018/8/4,soybean,Peak
109,125.8724419,48.46352239,2018/7/22,soybean,Maturity
109,125.8724419,48.46352239,2018/9/9,soybean,MidSenescence
109,125.8724419,48.46352239,2018/8/19,soybean,Senescence
109,125.8724419,48.46352239,2018/9/28,soybean,Dormancy
110,125.8702979,48.4559768,2018/6/9,soybean,Greenup
110,125.8702979,48.4559768,2018/6/29,soybean,MidGreenup
110,125.8702979,48.4559768,2018/8/4,soybean,Peak
110,125.8702979,48.4559768,2018/7/21,soybean,Maturity
110,125.8702979,48.4559768,2018/9/8,soybean,MidSenescence
110,125.8702979,48.4559768,2018/8/19,soybean,Senescence
110,125.8702979,48.4559768,2018/9/28,soybean,Dormancy
111,125.8518111,48.4479806,2018/6/11,soybean,Greenup
111,125.8518111,48.4479806,2018/7/2,soybean,MidGreenup
111,125.8518111,48.4479806,2018/8/7,soybean,Peak
111,125.8518111,48.4479806,2018/7/23,soybean,Maturity
111,125.8518111,48.4479806,2018/9/13,soybean,MidSenescence
111,125.8518111,48.4479806,2018/8/22,soybean,Senescence
111,125.8518111,48.4479806,2018/10/4,soybean,Dormancy
112,125.8423881,49.01469774,2018/6/2,soybean,Greenup
112,125.8423881,49.01469774,2018/6/25,soybean,MidGreenup
112,125.8423881,49.01469774,2018/8/2,soybean,Peak
112,125.8423881,49.01469774,2018/7/18,soybean,Maturity
112,125.8423881,49.01469774,2018/9/9,soybean,MidSenescence
112,125.8423881,49.01469774,2018/8/18,soybean,Senescence
112,125.8423881,49.01469774,2018/9/29,soybean,Dormancy
113,125.8364268,49.01551109,2018/6/2,soybean,Greenup
113,125.8364268,49.01551109,2018/6/25,soybean,MidGreenup
113,125.8364268,49.01551109,2018/8/2,soybean,Peak
113,125.8364268,49.01551109,2018/7/18,soybean,Maturity
113,125.8364268,49.01551109,2018/9/9,soybean,MidSenescence
113,125.8364268,49.01551109,2018/8/18,soybean,Senescence
113,125.8364268,49.01551109,2018/9/29,soybean,Dormancy
114,125.8313628,49.01811126,2018/6/1,soybean,Greenup
114,125.8313628,49.01811126,2018/6/24,soybean,MidGreenup
114,125.8313628,49.01811126,2018/8/1,soybean,Peak
114,125.8313628,49.01811126,2018/7/17,soybean,Maturity
114,125.8313628,49.01811126,2018/9/8,soybean,MidSenescence
114,125.8313628,49.01811126,2018/8/17,soybean,Senescence
114,125.8313628,49.01811126,2018/9/29,soybean,Dormancy
115,125.8109672,49.01456348,2018/6/3,soybean,Greenup
115,125.8109672,49.01456348,2018/6/27,soybean,MidGreenup
115,125.8109672,49.01456348,2018/8/4,soybean,Peak
115,125.8109672,49.01456348,2018/7/20,soybean,Maturity
115,125.8109672,49.01456348,2018/9/9,soybean,MidSenescence
115,125.8109672,49.01456348,2018/8/19,soybean,Senescence
115,125.8109672,49.01456348,2018/9/30,soybean,Dormancy
116,125.798109,49.01501907,2018/6/2,soybean,Greenup
116,125.798109,49.01501907,2018/6/28,soybean,MidGreenup
116,125.798109,49.01501907,2018/8/6,soybean,Peak
116,125.798109,49.01501907,2018/7/22,soybean,Maturity
116,125.798109,49.01501907,2018/9/12,soybean,MidSenescence
116,125.798109,49.01501907,2018/8/21,soybean,Senescence
116,125.798109,49.01501907,2018/10/3,soybean,Dormancy
117,125.8083249,49.01905557,2018/6/2,soybean,Greenup
117,125.8083249,49.01905557,2018/6/26,soybean,MidGreenup
117,125.8083249,49.01905557,2018/8/4,soybean,Peak
117,125.8083249,49.01905557,2018/7/20,soybean,Maturity
117,125.8083249,49.01905557,2018/9/10,soybean,MidSenescence
117,125.8083249,49.01905557,2018/8/19,soybean,Senescence
117,125.8083249,49.01905557,2018/9/30,soybean,Dormancy
118,125.8737583,49.00263649,2018/6/5,soybean,Greenup
118,125.8737583,49.00263649,2018/6/29,soybean,MidGreenup
118,125.8737583,49.00263649,2018/8/5,soybean,Peak
118,125.8737583,49.00263649,2018/7/22,soybean,Maturity
118,125.8737583,49.00263649,2018/9/10,soybean,MidSenescence
118,125.8737583,49.00263649,2018/8/20,soybean,Senescence
118,125.8737583,49.00263649,2018/9/29,soybean,Dormancy
119,125.9093735,49.01897815,2018/6/2,soybean,Greenup
119,125.9093735,49.01897815,2018/6/25,soybean,MidGreenup
119,125.9093735,49.01897815,2018/8/1,soybean,Peak
119,125.9093735,49.01897815,2018/7/18,soybean,Maturity
119,125.9093735,49.01897815,2018/9/8,soybean,MidSenescence
119,125.9093735,49.01897815,2018/8/17,soybean,Senescence
119,125.9093735,49.01897815,2018/9/28,soybean,Dormancy
120,125.9769886,49.04815134,2018/5/30,soybean,Greenup
120,125.9769886,49.04815134,2018/6/23,soybean,MidGreenup
120,125.9769886,49.04815134,2018/8/4,soybean,Peak
120,125.9769886,49.04815134,2018/7/19,soybean,Maturity
120,125.9769886,49.04815134,2018/9/10,soybean,MidSenescence
120,125.9769886,49.04815134,2018/8/20,soybean,Senescence
120,125.9769886,49.04815134,2018/9/30,soybean,Dormancy
121,125.9769898,49.06029199,2018/6/2,soybean,Greenup
121,125.9769898,49.06029199,2018/6/25,soybean,MidGreenup
121,125.9769898,49.06029199,2018/8/3,soybean,Peak
121,125.9769898,49.06029199,2018/7/19,soybean,Maturity
121,125.9769898,49.06029199,2018/9/12,soybean,MidSenescence
121,125.9769898,49.06029199,2018/8/20,soybean,Senescence
121,125.9769898,49.06029199,2018/10/4,soybean,Dormancy
122,126.0214221,49.05228038,2018/6/2,soybean,Greenup
122,126.0214221,49.05228038,2018/6/23,soybean,MidGreenup
122,126.0214221,49.05228038,2018/7/30,soybean,Peak
122,126.0214221,49.05228038,2018/7/15,soybean,Maturity
122,126.0214221,49.05228038,2018/9/6,soybean,MidSenescence
122,126.0214221,49.05228038,2018/8/15,soybean,Senescence
122,126.0214221,49.05228038,2018/9/26,soybean,Dormancy
123,126.0201243,49.04760091,2018/5/27,soybean,Greenup
123,126.0201243,49.04760091,2018/6/22,soybean,MidGreenup
123,126.0201243,49.04760091,2018/8/2,soybean,Peak
123,126.0201243,49.04760091,2018/7/18,soybean,Maturity
123,126.0201243,49.04760091,2018/9/10,soybean,MidSenescence
123,126.0201243,49.04760091,2018/8/19,soybean,Senescence
123,126.0201243,49.04760091,2018/10/1,soybean,Dormancy
124,126.0397093,49.05994119,2018/6/2,soybean,Greenup
124,126.0397093,49.05994119,2018/6/25,soybean,MidGreenup
124,126.0397093,49.05994119,2018/8/2,soybean,Peak
124,126.0397093,49.05994119,2018/7/18,soybean,Maturity
124,126.0397093,49.05994119,2018/9/9,soybean,MidSenescence
124,126.0397093,49.05994119,2018/8/18,soybean,Senescence
124,126.0397093,49.05994119,2018/9/29,soybean,Dormancy
125,125.8887661,49.08574911,2018/6/1,soybean,Greenup
125,125.8887661,49.08574911,2018/6/24,soybean,MidGreenup
125,125.8887661,49.08574911,2018/8/3,soybean,Peak
125,125.8887661,49.08574911,2018/7/18,soybean,Maturity
125,125.8887661,49.08574911,2018/9/11,soybean,MidSenescence
125,125.8887661,49.08574911,2018/8/19,soybean,Senescence
125,125.8887661,49.08574911,2018/10/1,soybean,Dormancy
126,125.7825434,49.10252909,2018/6/2,soybean,Greenup
126,125.7825434,49.10252909,2018/6/25,soybean,MidGreenup
126,125.7825434,49.10252909,2018/8/2,soybean,Peak
126,125.7825434,49.10252909,2018/7/19,soybean,Maturity
126,125.7825434,49.10252909,2018/9/10,soybean,MidSenescence
126,125.7825434,49.10252909,2018/8/19,soybean,Senescence
126,125.7825434,49.10252909,2018/9/30,soybean,Dormancy
127,125.7906084,49.10204861,2018/6/2,soybean,Greenup
127,125.7906084,49.10204861,2018/6/25,soybean,MidGreenup
127,125.7906084,49.10204861,2018/8/3,soybean,Peak
127,125.7906084,49.10204861,2018/7/19,soybean,Maturity
127,125.7906084,49.10204861,2018/9/11,soybean,MidSenescence
127,125.7906084,49.10204861,2018/8/20,soybean,Senescence
127,125.7906084,49.10204861,2018/10/1,soybean,Dormancy
128,125.3207336,49.24360044,2018/6/15,soybean,Greenup
128,125.3207336,49.24360044,2018/7/5,soybean,MidGreenup
128,125.3207336,49.24360044,2018/8/8,soybean,Peak
128,125.3207336,49.24360044,2018/7/25,soybean,Maturity
128,125.3207336,49.24360044,2018/9/12,soybean,MidSenescence
128,125.3207336,49.24360044,2018/8/22,soybean,Senescence
128,125.3207336,49.24360044,2018/10/1,soybean,Dormancy
129,125.3355369,49.25221374,2018/6/15,soybean,Greenup
129,125.3355369,49.25221374,2018/7/4,soybean,MidGreenup
129,125.3355369,49.25221374,2018/8/7,soybean,Peak
129,125.3355369,49.25221374,2018/7/25,soybean,Maturity
129,125.3355369,49.25221374,2018/9/11,soybean,MidSenescence
129,125.3355369,49.25221374,2018/8/21,soybean,Senescence
129,125.3355369,49.25221374,2018/9/30,soybean,Dormancy
130,125.4401206,49.26037968,2018/6/16,soybean,Greenup
130,125.4401206,49.26037968,2018/7/6,soybean,MidGreenup
130,125.4401206,49.26037968,2018/8/10,soybean,Peak
130,125.4401206,49.26037968,2018/7/27,soybean,Maturity
130,125.4401206,49.26037968,2018/9/14,soybean,MidSenescence
130,125.4401206,49.26037968,2018/8/25,soybean,Senescence
130,125.4401206,49.26037968,2018/10/4,soybean,Dormancy
131,125.3788581,49.31451512,2018/6/16,soybean,Greenup
131,125.3788581,49.31451512,2018/7/5,soybean,MidGreenup
131,125.3788581,49.31451512,2018/8/8,soybean,Peak
131,125.3788581,49.31451512,2018/7/26,soybean,Maturity
131,125.3788581,49.31451512,2018/9/12,soybean,MidSenescence
131,125.3788581,49.31451512,2018/8/23,soybean,Senescence
131,125.3788581,49.31451512,2018/10/1,soybean,Dormancy
132,125.3428051,49.31049147,2018/6/18,soybean,Greenup
132,125.3428051,49.31049147,2018/7/7,soybean,MidGreenup
132,125.3428051,49.31049147,2018/8/10,soybean,Peak
132,125.3428051,49.31049147,2018/7/27,soybean,Maturity
132,125.3428051,49.31049147,2018/9/13,soybean,MidSenescence
132,125.3428051,49.31049147,2018/8/24,soybean,Senescence
132,125.3428051,49.31049147,2018/10/2,soybean,Dormancy
133,125.3411043,49.31492945,2018/6/18,soybean,Greenup
133,125.3411043,49.31492945,2018/7/7,soybean,MidGreenup
133,125.3411043,49.31492945,2018/8/10,soybean,Peak
133,125.3411043,49.31492945,2018/7/27,soybean,Maturity
133,125.3411043,49.31492945,2018/9/13,soybean,MidSenescence
133,125.3411043,49.31492945,2018/8/24,soybean,Senescence
133,125.3411043,49.31492945,2018/10/2,soybean,Dormancy
134,125.366878,49.31523728,2018/6/16,soybean,Greenup
134,125.366878,49.31523728,2018/7/6,soybean,MidGreenup
134,125.366878,49.31523728,2018/8/9,soybean,Peak
134,125.366878,49.31523728,2018/7/26,soybean,Maturity
134,125.366878,49.31523728,2018/9/12,soybean,MidSenescence
134,125.366878,49.31523728,2018/8/23,soybean,Senescence
134,125.366878,49.31523728,2018/10/2,soybean,Dormancy
135,125.514289,49.32757063,2018/6/10,soybean,Greenup
135,125.514289,49.32757063,2018/7/3,soybean,MidGreenup
135,125.514289,49.32757063,2018/8/8,soybean,Peak
135,125.514289,49.32757063,2018/7/25,soybean,Maturity
135,125.514289,49.32757063,2018/9/12,soybean,MidSenescence
135,125.514289,49.32757063,2018/8/22,soybean,Senescence
135,125.514289,49.32757063,2018/10/2,soybean,Dormancy
136,126.0490273,48.6311076,2018/6/7,soybean,Greenup
136,126.0490273,48.6311076,2018/6/30,soybean,MidGreenup
136,126.0490273,48.6311076,2018/8/6,soybean,Peak
136,126.0490273,48.6311076,2018/7/22,soybean,Maturity
136,126.0490273,48.6311076,2018/9/12,soybean,MidSenescence
136,126.0490273,48.6311076,2018/8/22,soybean,Senescence
136,126.0490273,48.6311076,2018/10/2,soybean,Dormancy
137,126.1820312,48.61877959,2018/6/7,soybean,Greenup
137,126.1820312,48.61877959,2018/6/28,soybean,MidGreenup
137,126.1820312,48.61877959,2018/8/4,soybean,Peak
137,126.1820312,48.61877959,2018/7/21,soybean,Maturity
137,126.1820312,48.61877959,2018/9/10,soybean,MidSenescence
137,126.1820312,48.61877959,2018/8/20,soybean,Senescence
137,126.1820312,48.61877959,2018/9/29,soybean,Dormancy
138,125.9388936,48.51880908,2018/6/4,soybean,Greenup
138,125.9388936,48.51880908,2018/6/27,soybean,MidGreenup
138,125.9388936,48.51880908,2018/8/3,soybean,Peak
138,125.9388936,48.51880908,2018/7/19,soybean,Maturity
138,125.9388936,48.51880908,2018/9/9,soybean,MidSenescence
138,125.9388936,48.51880908,2018/8/18,soybean,Senescence
138,125.9388936,48.51880908,2018/9/29,soybean,Dormancy
139,126.8785815,48.7481104,2018/6/2,soybean,Greenup
139,126.8785815,48.7481104,2018/6/26,soybean,MidGreenup
139,126.8785815,48.7481104,2018/8/4,soybean,Peak
139,126.8785815,48.7481104,2018/7/20,soybean,Maturity
139,126.8785815,48.7481104,2018/9/10,soybean,MidSenescence
139,126.8785815,48.7481104,2018/8/20,soybean,Senescence
139,126.8785815,48.7481104,2018/10/1,soybean,Dormancy
140,126.867923,48.74387403,2018/6/3,soybean,Greenup
140,126.867923,48.74387403,2018/6/25,soybean,MidGreenup
140,126.867923,48.74387403,2018/8/3,soybean,Peak
140,126.867923,48.74387403,2018/7/19,soybean,Maturity
140,126.867923,48.74387403,2018/9/9,soybean,MidSenescence
140,126.867923,48.74387403,2018/8/19,soybean,Senescence
140,126.867923,48.74387403,2018/9/28,soybean,Dormancy
141,126.8662545,48.74793002,2018/5/31,soybean,Greenup
141,126.8662545,48.74793002,2018/6/25,soybean,MidGreenup
141,126.8662545,48.74793002,2018/8/4,soybean,Peak
141,126.8662545,48.74793002,2018/7/19,soybean,Maturity
141,126.8662545,48.74793002,2018/9/10,soybean,MidSenescence
141,126.8662545,48.74793002,2018/8/19,soybean,Senescence
141,126.8662545,48.74793002,2018/9/30,soybean,Dormancy
142,126.8871357,48.74372656,2018/6/1,soybean,Greenup
142,126.8871357,48.74372656,2018/6/24,soybean,MidGreenup
142,126.8871357,48.74372656,2018/8/3,soybean,Peak
142,126.8871357,48.74372656,2018/7/19,soybean,Maturity
142,126.8871357,48.74372656,2018/9/9,soybean,MidSenescence
142,126.8871357,48.74372656,2018/8/19,soybean,Senescence
142,126.8871357,48.74372656,2018/9/29,soybean,Dormancy
143,127.0023554,48.72674003,2018/6/9,soybean,Greenup
143,127.0023554,48.72674003,2018/7/2,soybean,MidGreenup
143,127.0023554,48.72674003,2018/8/7,soybean,Peak
143,127.0023554,48.72674003,2018/7/24,soybean,Maturity
143,127.0023554,48.72674003,2018/9/10,soybean,MidSenescence
143,127.0023554,48.72674003,2018/8/21,soybean,Senescence
143,127.0023554,48.72674003,2018/9/28,soybean,Dormancy
144,126.9965918,48.72723802,2018/6/7,soybean,Greenup
144,126.9965918,48.72723802,2018/6/30,soybean,MidGreenup
144,126.9965918,48.72723802,2018/8/5,soybean,Peak
144,126.9965918,48.72723802,2018/7/22,soybean,Maturity
144,126.9965918,48.72723802,2018/9/9,soybean,MidSenescence
144,126.9965918,48.72723802,2018/8/20,soybean,Senescence
144,126.9965918,48.72723802,2018/9/27,soybean,Dormancy
145,126.9916663,48.72752808,2018/6/4,soybean,Greenup
145,126.9916663,48.72752808,2018/6/28,soybean,MidGreenup
145,126.9916663,48.72752808,2018/8/5,soybean,Peak
145,126.9916663,48.72752808,2018/7/22,soybean,Maturity
145,126.9916663,48.72752808,2018/9/9,soybean,MidSenescence
145,126.9916663,48.72752808,2018/8/20,soybean,Senescence
145,126.9916663,48.72752808,2018/9/28,soybean,Dormancy
146,126.9949806,48.73131185,2018/6/3,soybean,Greenup
146,126.9949806,48.73131185,2018/6/26,soybean,MidGreenup
146,126.9949806,48.73131185,2018/8/4,soybean,Peak
146,126.9949806,48.73131185,2018/7/20,soybean,Maturity
146,126.9949806,48.73131185,2018/9/10,soybean,MidSenescence
146,126.9949806,48.73131185,2018/8/19,soybean,Senescence
146,126.9949806,48.73131185,2018/9/29,soybean,Dormancy
147,127.0253094,48.7189376,2018/6/3,soybean,Greenup
147,127.0253094,48.7189376,2018/6/28,soybean,MidGreenup
147,127.0253094,48.7189376,2018/8/6,soybean,Peak
147,127.0253094,48.7189376,2018/7/23,soybean,Maturity
147,127.0253094,48.7189376,2018/9/11,soybean,MidSenescence
147,127.0253094,48.7189376,2018/8/21,soybean,Senescence
147,127.0253094,48.7189376,2018/9/30,soybean,Dormancy
148,126.2590862,48.74807094,2018/6/3,soybean,Greenup
148,126.2590862,48.74807094,2018/6/26,soybean,MidGreenup
148,126.2590862,48.74807094,2018/8/3,soybean,Peak
148,126.2590862,48.74807094,2018/7/19,soybean,Maturity
148,126.2590862,48.74807094,2018/9/9,soybean,MidSenescence
148,126.2590862,48.74807094,2018/8/19,soybean,Senescence
148,126.2590862,48.74807094,2018/9/29,soybean,Dormancy
149,126.2643613,48.74725487,2018/6/3,soybean,Greenup
149,126.2643613,48.74725487,2018/6/26,soybean,MidGreenup
149,126.2643613,48.74725487,2018/8/3,soybean,Peak
149,126.2643613,48.74725487,2018/7/19,soybean,Maturity
149,126.2643613,48.74725487,2018/9/9,soybean,MidSenescence
149,126.2643613,48.74725487,2018/8/19,soybean,Senescence
149,126.2643613,48.74725487,2018/9/29,soybean,Dormancy
150,126.2610966,48.74353828,2018/6/4,soybean,Greenup
150,126.2610966,48.74353828,2018/6/27,soybean,MidGreenup
150,126.2610966,48.74353828,2018/8/4,soybean,Peak
150,126.2610966,48.74353828,2018/7/21,soybean,Maturity
150,126.2610966,48.74353828,2018/9/10,soybean,MidSenescence
150,126.2610966,48.74353828,2018/8/20,soybean,Senescence
150,126.2610966,48.74353828,2018/9/30,soybean,Dormancy
151,126.3396071,48.76471362,2018/5/18,soybean,Greenup
151,126.3396071,48.76471362,2018/6/13,soybean,MidGreenup
151,126.3396071,48.76471362,2018/7/31,soybean,Peak
151,126.3396071,48.76471362,2018/7/13,soybean,Maturity
151,126.3396071,48.76471362,2018/9/12,soybean,MidSenescence
151,126.3396071,48.76471362,2018/8/18,soybean,Senescence
151,126.3396071,48.76471362,2018/10/5,soybean,Dormancy
152,126.3333215,48.76441965,2018/6/1,soybean,Greenup
152,126.3333215,48.76441965,2018/6/25,soybean,MidGreenup
152,126.3333215,48.76441965,2018/8/4,soybean,Peak
152,126.3333215,48.76441965,2018/7/20,soybean,Maturity
152,126.3333215,48.76441965,2018/9/11,soybean,MidSenescence
152,126.3333215,48.76441965,2018/8/20,soybean,Senescence
152,126.3333215,48.76441965,2018/10/2,soybean,Dormancy
153,126.3017178,48.77232968,2018/6/5,soybean,Greenup
153,126.3017178,48.77232968,2018/6/28,soybean,MidGreenup
153,126.3017178,48.77232968,2018/8/5,soybean,Peak
153,126.3017178,48.77232968,2018/7/21,soybean,Maturity
153,126.3017178,48.77232968,2018/9/12,soybean,MidSenescence
153,126.3017178,48.77232968,2018/8/21,soybean,Senescence
153,126.3017178,48.77232968,2018/10/2,soybean,Dormancy
154,126.3092391,48.77278032,2018/6/2,soybean,Greenup
154,126.3092391,48.77278032,2018/6/26,soybean,MidGreenup
154,126.3092391,48.77278032,2018/8/5,soybean,Peak
154,126.3092391,48.77278032,2018/7/20,soybean,Maturity
154,126.3092391,48.77278032,2018/9/12,soybean,MidSenescence
154,126.3092391,48.77278032,2018/8/21,soybean,Senescence
154,126.3092391,48.77278032,2018/10/2,soybean,Dormancy
155,126.2955876,48.77221964,2018/6/6,soybean,Greenup
155,126.2955876,48.77221964,2018/6/28,soybean,MidGreenup
155,126.2955876,48.77221964,2018/8/5,soybean,Peak
155,126.2955876,48.77221964,2018/7/21,soybean,Maturity
155,126.2955876,48.77221964,2018/9/13,soybean,MidSenescence
155,126.2955876,48.77221964,2018/8/22,soybean,Senescence
155,126.2955876,48.77221964,2018/10/4,soybean,Dormancy
156,126.3069929,48.77641593,2018/6/6,soybean,Greenup
156,126.3069929,48.77641593,2018/6/29,soybean,MidGreenup
156,126.3069929,48.77641593,2018/8/5,soybean,Peak
156,126.3069929,48.77641593,2018/7/22,soybean,Maturity
156,126.3069929,48.77641593,2018/9/11,soybean,MidSenescence
156,126.3069929,48.77641593,2018/8/21,soybean,Senescence
156,126.3069929,48.77641593,2018/10/1,soybean,Dormancy
157,126.313155,48.80173712,2018/5/31,soybean,Greenup
157,126.313155,48.80173712,2018/6/21,soybean,MidGreenup
157,126.313155,48.80173712,2018/7/28,soybean,Peak
157,126.313155,48.80173712,2018/7/14,soybean,Maturity
157,126.313155,48.80173712,2018/9/3,soybean,MidSenescence
157,126.313155,48.80173712,2018/8/13,soybean,Senescence
157,126.313155,48.80173712,2018/9/23,soybean,Dormancy
158,126.3154358,48.8051711,2018/5/31,soybean,Greenup
158,126.3154358,48.8051711,2018/6/21,soybean,MidGreenup
158,126.3154358,48.8051711,2018/7/28,soybean,Peak
158,126.3154358,48.8051711,2018/7/14,soybean,Maturity
158,126.3154358,48.8051711,2018/9/3,soybean,MidSenescence
158,126.3154358,48.8051711,2018/8/13,soybean,Senescence
158,126.3154358,48.8051711,2018/9/23,soybean,Dormancy
159,125.9109701,48.83565325,2018/6/4,soybean,Greenup
159,125.9109701,48.83565325,2018/6/27,soybean,MidGreenup
159,125.9109701,48.83565325,2018/8/3,soybean,Peak
159,125.9109701,48.83565325,2018/7/20,soybean,Maturity
159,125.9109701,48.83565325,2018/9/7,soybean,MidSenescence
159,125.9109701,48.83565325,2018/8/18,soybean,Senescence
159,125.9109701,48.83565325,2018/9/27,soybean,Dormancy
160,125.913778,48.83929595,2018/6/4,soybean,Greenup
160,125.913778,48.83929595,2018/6/26,soybean,MidGreenup
160,125.913778,48.83929595,2018/8/2,soybean,Peak
160,125.913778,48.83929595,2018/7/19,soybean,Maturity
160,125.913778,48.83929595,2018/9/8,soybean,MidSenescence
160,125.913778,48.83929595,2018/8/18,soybean,Senescence
160,125.913778,48.83929595,2018/9/28,soybean,Dormancy
161,125.7783646,48.86846531,2018/6/6,soybean,Greenup
161,125.7783646,48.86846531,2018/6/29,soybean,MidGreenup
161,125.7783646,48.86846531,2018/8/5,soybean,Peak
161,125.7783646,48.86846531,2018/7/21,soybean,Maturity
161,125.7783646,48.86846531,2018/9/10,soybean,MidSenescence
161,125.7783646,48.86846531,2018/8/20,soybean,Senescence
161,125.7783646,48.86846531,2018/10/1,soybean,Dormancy
162,125.5108472,49.36394498,2018/6/15,soybean,Greenup
162,125.5108472,49.36394498,2018/7/8,soybean,MidGreenup
162,125.5108472,49.36394498,2018/8/12,soybean,Peak
162,125.5108472,49.36394498,2018/7/29,soybean,Maturity
162,125.5108472,49.36394498,2018/9/15,soybean,MidSenescence
162,125.5108472,49.36394498,2018/8/26,soybean,Senescence
162,125.5108472,49.36394498,2018/10/5,soybean,Dormancy
163,125.5911277,49.37278846,2018/6/15,soybean,Greenup
163,125.5911277,49.37278846,2018/7/7,soybean,MidGreenup
163,125.5911277,49.37278846,2018/8/13,soybean,Peak
163,125.5911277,49.37278846,2018/7/30,soybean,Maturity
163,125.5911277,49.37278846,2018/9/17,soybean,MidSenescence
163,125.5911277,49.37278846,2018/8/27,soybean,Senescence
163,125.5911277,49.37278846,2018/10/6,soybean,Dormancy
164,125.6064492,49.36887333,2018/6/14,soybean,Greenup
164,125.6064492,49.36887333,2018/7/7,soybean,MidGreenup
164,125.6064492,49.36887333,2018/8/12,soybean,Peak
164,125.6064492,49.36887333,2018/7/29,soybean,Maturity
164,125.6064492,49.36887333,2018/9/16,soybean,MidSenescence
164,125.6064492,49.36887333,2018/8/26,soybean,Senescence
164,125.6064492,49.36887333,2018/10/7,soybean,Dormancy
165,125.590052,49.37728756,2018/6/18,soybean,Greenup
165,125.590052,49.37728756,2018/7/10,soybean,MidGreenup
165,125.590052,49.37728756,2018/8/14,soybean,Peak
165,125.590052,49.37728756,2018/7/31,soybean,Maturity
165,125.590052,49.37728756,2018/9/18,soybean,MidSenescence
165,125.590052,49.37728756,2018/8/28,soybean,Senescence
165,125.590052,49.37728756,2018/10/8,soybean,Dormancy
166,125.5498757,49.38146605,2018/6/17,soybean,Greenup
166,125.5498757,49.38146605,2018/7/7,soybean,MidGreenup
166,125.5498757,49.38146605,2018/8/11,soybean,Peak
166,125.5498757,49.38146605,2018/7/28,soybean,Maturity
166,125.5498757,49.38146605,2018/9/14,soybean,MidSenescence
166,125.5498757,49.38146605,2018/8/25,soybean,Senescence
166,125.5498757,49.38146605,2018/10/4,soybean,Dormancy
167,125.6020478,49.36421192,2018/6/12,soybean,Greenup
167,125.6020478,49.36421192,2018/7/6,soybean,MidGreenup
167,125.6020478,49.36421192,2018/8/12,soybean,Peak
167,125.6020478,49.36421192,2018/7/29,soybean,Maturity
167,125.6020478,49.36421192,2018/9/17,soybean,MidSenescence
167,125.6020478,49.36421192,2018/8/27,soybean,Senescence
167,125.6020478,49.36421192,2018/10/9,soybean,Dormancy
168,125.5877992,49.36910217,2018/6/11,soybean,Greenup
168,125.5877992,49.36910217,2018/7/6,soybean,MidGreenup
168,125.5877992,49.36910217,2018/8/13,soybean,Peak
168,125.5877992,49.36910217,2018/7/30,soybean,Maturity
168,125.5877992,49.36910217,2018/9/17,soybean,MidSenescence
168,125.5877992,49.36910217,2018/8/28,soybean,Senescence
168,125.5877992,49.36910217,2018/10/7,soybean,Dormancy
169,125.5955701,49.36854699,2018/6/14,soybean,Greenup
169,125.5955701,49.36854699,2018/7/8,soybean,MidGreenup
169,125.5955701,49.36854699,2018/8/13,soybean,Peak
169,125.5955701,49.36854699,2018/7/30,soybean,Maturity
169,125.5955701,49.36854699,2018/9/16,soybean,MidSenescence
169,125.5955701,49.36854699,2018/8/27,soybean,Senescence
169,125.5955701,49.36854699,2018/10/7,soybean,Dormancy
170,125.5985618,49.3478662,2018/6/7,soybean,Greenup
170,125.5985618,49.3478662,2018/7/3,soybean,MidGreenup
170,125.5985618,49.3478662,2018/8/9,soybean,Peak
170,125.5985618,49.3478662,2018/7/26,soybean,Maturity
170,125.5985618,49.3478662,2018/9/14,soybean,MidSenescence
170,125.5985618,49.3478662,2018/8/24,soybean,Senescence
170,125.5985618,49.3478662,2018/10/4,soybean,Dormancy
171,125.591329,49.34750501,2018/6/15,soybean,Greenup
171,125.591329,49.34750501,2018/7/7,soybean,MidGreenup
171,125.591329,49.34750501,2018/8/11,soybean,Peak
171,125.591329,49.34750501,2018/7/29,soybean,Maturity
171,125.591329,49.34750501,2018/9/14,soybean,MidSenescence
171,125.591329,49.34750501,2018/8/26,soybean,Senescence
171,125.591329,49.34750501,2018/10/3,soybean,Dormancy
172,125.4911798,49.28578999,2018/6/10,soybean,Greenup
172,125.4911798,49.28578999,2018/7/2,soybean,MidGreenup
172,125.4911798,49.28578999,2018/8/7,soybean,Peak
172,125.4911798,49.28578999,2018/7/24,soybean,Maturity
172,125.4911798,49.28578999,2018/9/12,soybean,MidSenescence
172,125.4911798,49.28578999,2018/8/22,soybean,Senescence
172,125.4911798,49.28578999,2018/10/2,soybean,Dormancy
173,125.4989149,49.2814365,2018/6/10,soybean,Greenup
173,125.4989149,49.2814365,2018/7/2,soybean,MidGreenup
173,125.4989149,49.2814365,2018/8/7,soybean,Peak
173,125.4989149,49.2814365,2018/7/24,soybean,Maturity
173,125.4989149,49.2814365,2018/9/12,soybean,MidSenescence
173,125.4989149,49.2814365,2018/8/22,soybean,Senescence
173,125.4989149,49.2814365,2018/10/2,soybean,Dormancy
174,125.5043557,49.2811044,2018/6/8,soybean,Greenup
174,125.5043557,49.2811044,2018/7/1,soybean,MidGreenup
174,125.5043557,49.2811044,2018/8/7,soybean,Peak
174,125.5043557,49.2811044,2018/7/24,soybean,Maturity
174,125.5043557,49.2811044,2018/9/12,soybean,MidSenescence
174,125.5043557,49.2811044,2018/8/22,soybean,Senescence
174,125.5043557,49.2811044,2018/10/2,soybean,Dormancy
175,125.4850805,49.27330874,2018/6/9,soybean,Greenup
175,125.4850805,49.27330874,2018/7/2,soybean,MidGreenup
175,125.4850805,49.27330874,2018/8/7,soybean,Peak
175,125.4850805,49.27330874,2018/7/24,soybean,Maturity
175,125.4850805,49.27330874,2018/9/12,soybean,MidSenescence
175,125.4850805,49.27330874,2018/8/22,soybean,Senescence
175,125.4850805,49.27330874,2018/10/3,soybean,Dormancy
176,125.440955,49.25601677,2018/6/14,soybean,Greenup
176,125.440955,49.25601677,2018/7/5,soybean,MidGreenup
176,125.440955,49.25601677,2018/8/9,soybean,Peak
176,125.440955,49.25601677,2018/7/26,soybean,Maturity
176,125.440955,49.25601677,2018/9/13,soybean,MidSenescence
176,125.440955,49.25601677,2018/8/23,soybean,Senescence
176,125.440955,49.25601677,2018/10/3,soybean,Dormancy
177,124.8756685,48.98934821,2018/6/4,soybean,Greenup
177,124.8756685,48.98934821,2018/6/26,soybean,MidGreenup
177,124.8756685,48.98934821,2018/8/4,soybean,Peak
177,124.8756685,48.98934821,2018/7/20,soybean,Maturity
177,124.8756685,48.98934821,2018/9/11,soybean,MidSenescence
177,124.8756685,48.98934821,2018/8/20,soybean,Senescence
177,124.8756685,48.98934821,2018/10/1,soybean,Dormancy
178,125.0402637,48.95633627,2018/6/1,soybean,Greenup
178,125.0402637,48.95633627,2018/6/23,soybean,MidGreenup
178,125.0402637,48.95633627,2018/8/1,soybean,Peak
178,125.0402637,48.95633627,2018/7/17,soybean,Maturity
178,125.0402637,48.95633627,2018/9/8,soybean,MidSenescence
178,125.0402637,48.95633627,2018/8/18,soybean,Senescence
178,125.0402637,48.95633627,2018/9/28,soybean,Dormancy
179,125.0464167,48.95565596,2018/6/1,soybean,Greenup
179,125.0464167,48.95565596,2018/6/24,soybean,MidGreenup
179,125.0464167,48.95565596,2018/8/3,soybean,Peak
179,125.0464167,48.95565596,2018/7/19,soybean,Maturity
179,125.0464167,48.95565596,2018/9/9,soybean,MidSenescence
179,125.0464167,48.95565596,2018/8/19,soybean,Senescence
179,125.0464167,48.95565596,2018/9/28,soybean,Dormancy
180,125.041647,48.95170587,2018/6/2,soybean,Greenup
180,125.041647,48.95170587,2018/6/25,soybean,MidGreenup
180,125.041647,48.95170587,2018/8/3,soybean,Peak
180,125.041647,48.95170587,2018/7/19,soybean,Maturity
180,125.041647,48.95170587,2018/9/9,soybean,MidSenescence
180,125.041647,48.95170587,2018/8/19,soybean,Senescence
180,125.041647,48.95170587,2018/9/29,soybean,Dormancy
181,125.1618974,48.9312586,2018/6/2,soybean,Greenup
181,125.1618974,48.9312586,2018/6/26,soybean,MidGreenup
181,125.1618974,48.9312586,2018/8/4,soybean,Peak
181,125.1618974,48.9312586,2018/7/19,soybean,Maturity
181,125.1618974,48.9312586,2018/9/11,soybean,MidSenescence
181,125.1618974,48.9312586,2018/8/20,soybean,Senescence
181,125.1618974,48.9312586,2018/10/2,soybean,Dormancy
182,125.2253714,48.95168751,2018/6/3,soybean,Greenup
182,125.2253714,48.95168751,2018/6/26,soybean,MidGreenup
182,125.2253714,48.95168751,2018/8/3,soybean,Peak
182,125.2253714,48.95168751,2018/7/19,soybean,Maturity
182,125.2253714,48.95168751,2018/9/10,soybean,MidSenescence
182,125.2253714,48.95168751,2018/8/19,soybean,Senescence
182,125.2253714,48.95168751,2018/10/1,soybean,Dormancy
183,134.4900907,48.10274436,2018/6/7,rice,Greenup
183,134.4900907,48.10274436,2018/6/27,rice,MidGreenup
183,134.4900907,48.10274436,2018/8/7,rice,Peak
183,134.4900907,48.10274436,2018/7/21,rice,Maturity
183,134.4900907,48.10274436,2018/9/25,rice,MidSenescence
183,134.4900907,48.10274436,2018/8/26,rice,Senescence
183,134.4900907,48.10274436,2018/10/23,rice,Dormancy
184,134.0120082,48.0429166,2018/6/3,rice,Greenup
184,134.0120082,48.0429166,2018/6/26,rice,MidGreenup
184,134.0120082,48.0429166,2018/8/9,rice,Peak
184,134.0120082,48.0429166,2018/7/22,rice,Maturity
184,134.0120082,48.0429166,2018/9/27,rice,MidSenescence
184,134.0120082,48.0429166,2018/8/28,rice,Senescence
184,134.0120082,48.0429166,2018/10/25,rice,Dormancy
185,134.2278733,47.93619693,2018/6/4,rice,Greenup
185,134.2278733,47.93619693,2018/6/24,rice,MidGreenup
185,134.2278733,47.93619693,2018/8/4,rice,Peak
185,134.2278733,47.93619693,2018/7/18,rice,Maturity
185,134.2278733,47.93619693,2018/9/25,rice,MidSenescence
185,134.2278733,47.93619693,2018/8/24,rice,Senescence
185,134.2278733,47.93619693,2018/10/24,rice,Dormancy
186,134.3434844,47.98066309,2018/6/10,rice,Greenup
186,134.3434844,47.98066309,2018/6/30,rice,MidGreenup
186,134.3434844,47.98066309,2018/8/9,rice,Peak
186,134.3434844,47.98066309,2018/7/23,rice,Maturity
186,134.3434844,47.98066309,2018/9/25,rice,MidSenescence
186,134.3434844,47.98066309,2018/8/28,rice,Senescence
186,134.3434844,47.98066309,2018/10/23,rice,Dormancy
187,133.0617693,47.82759107,2018/6/7,rice,Greenup
187,133.0617693,47.82759107,2018/6/26,rice,MidGreenup
187,133.0617693,47.82759107,2018/8/5,rice,Peak
187,133.0617693,47.82759107,2018/7/19,rice,Maturity
187,133.0617693,47.82759107,2018/9/24,rice,MidSenescence
187,133.0617693,47.82759107,2018/8/25,rice,Senescence
187,133.0617693,47.82759107,2018/10/22,rice,Dormancy
188,133.3937895,47.82731906,2018/6/3,rice,Greenup
188,133.3937895,47.82731906,2018/6/23,rice,MidGreenup
188,133.3937895,47.82731906,2018/8/4,rice,Peak
188,133.3937895,47.82731906,2018/7/18,rice,Maturity
188,133.3937895,47.82731906,2018/9/25,rice,MidSenescence
188,133.3937895,47.82731906,2018/8/25,rice,Senescence
188,133.3937895,47.82731906,2018/10/24,rice,Dormancy
189,133.2633519,47.86477997,2018/6/3,rice,Greenup
189,133.2633519,47.86477997,2018/6/23,rice,MidGreenup
189,133.2633519,47.86477997,2018/8/2,rice,Peak
189,133.2633519,47.86477997,2018/7/17,rice,Maturity
189,133.2633519,47.86477997,2018/9/22,rice,MidSenescence
189,133.2633519,47.86477997,2018/8/21,rice,Senescence
189,133.2633519,47.86477997,2018/10/22,rice,Dormancy
190,133.2253514,47.86370087,2018/6/4,rice,Greenup
190,133.2253514,47.86370087,2018/6/25,rice,MidGreenup
190,133.2253514,47.86370087,2018/8/5,rice,Peak
190,133.2253514,47.86370087,2018/7/19,rice,Maturity
190,133.2253514,47.86370087,2018/9/25,rice,MidSenescence
190,133.2253514,47.86370087,2018/8/25,rice,Senescence
190,133.2253514,47.86370087,2018/10/23,rice,Dormancy
191,133.5910557,47.87744382,2018/5/31,rice,Greenup
191,133.5910557,47.87744382,2018/6/20,rice,MidGreenup
191,133.5910557,47.87744382,2018/7/30,rice,Peak
191,133.5910557,47.87744382,2018/7/13,rice,Maturity
191,133.5910557,47.87744382,2018/9/22,rice,MidSenescence
191,133.5910557,47.87744382,2018/8/20,rice,Senescence
191,133.5910557,47.87744382,2018/10/22,rice,Dormancy
192,133.7441322,47.87475052,2018/6/2,rice,Greenup
192,133.7441322,47.87475052,2018/6/25,rice,MidGreenup
192,133.7441322,47.87475052,2018/8/6,rice,Peak
192,133.7441322,47.87475052,2018/7/20,rice,Maturity
192,133.7441322,47.87475052,2018/9/25,rice,MidSenescence
192,133.7441322,47.87475052,2018/8/25,rice,Senescence
192,133.7441322,47.87475052,2018/10/23,rice,Dormancy
193,132.9361876,47.83864072,2018/6/3,rice,Greenup
193,132.9361876,47.83864072,2018/6/24,rice,MidGreenup
193,132.9361876,47.83864072,2018/8/4,rice,Peak
193,132.9361876,47.83864072,2018/7/18,rice,Maturity
193,132.9361876,47.83864072,2018/9/23,rice,MidSenescence
193,132.9361876,47.83864072,2018/8/24,rice,Senescence
193,132.9361876,47.83864072,2018/10/20,rice,Dormancy
194,134.5493789,47.82543286,2018/6/7,rice,Greenup
194,134.5493789,47.82543286,2018/6/27,rice,MidGreenup
194,134.5493789,47.82543286,2018/8/5,rice,Peak
194,134.5493789,47.82543286,2018/7/20,rice,Maturity
194,134.5493789,47.82543286,2018/9/23,rice,MidSenescence
194,134.5493789,47.82543286,2018/8/25,rice,Senescence
194,134.5493789,47.82543286,2018/10/21,rice,Dormancy
195,134.1699317,47.88930502,2018/5/30,rice,Greenup
195,134.1699317,47.88930502,2018/6/21,rice,MidGreenup
195,134.1699317,47.88930502,2018/8/4,rice,Peak
195,134.1699317,47.88930502,2018/7/17,rice,Maturity
195,134.1699317,47.88930502,2018/9/27,rice,MidSenescence
195,134.1699317,47.88930502,2018/8/26,rice,Senescence
195,134.1699317,47.88930502,2018/10/26,rice,Dormancy
196,134.3663953,47.88040912,2018/6/6,rice,Greenup
196,134.3663953,47.88040912,2018/6/26,rice,MidGreenup
196,134.3663953,47.88040912,2018/8/7,rice,Peak
196,134.3663953,47.88040912,2018/7/21,rice,Maturity
196,134.3663953,47.88040912,2018/9/26,rice,MidSenescence
196,134.3663953,47.88040912,2018/8/27,rice,Senescence
196,134.3663953,47.88040912,2018/10/24,rice,Dormancy
197,133.0668928,47.72679755,2018/6/5,rice,Greenup
197,133.0668928,47.72679755,2018/6/23,rice,MidGreenup
197,133.0668928,47.72679755,2018/8/2,rice,Peak
197,133.0668928,47.72679755,2018/7/16,rice,Maturity
197,133.0668928,47.72679755,2018/9/20,rice,MidSenescence
197,133.0668928,47.72679755,2018/8/21,rice,Senescence
197,133.0668928,47.72679755,2018/10/18,rice,Dormancy
198,132.9569358,47.80953171,2018/5/31,rice,Greenup
198,132.9569358,47.80953171,2018/6/21,rice,MidGreenup
198,132.9569358,47.80953171,2018/8/3,rice,Peak
198,132.9569358,47.80953171,2018/7/16,rice,Maturity
198,132.9569358,47.80953171,2018/9/24,rice,MidSenescence
198,132.9569358,47.80953171,2018/8/23,rice,Senescence
198,132.9569358,47.80953171,2018/10/23,rice,Dormancy
199,134.32085,47.91948868,2018/6/9,rice,Greenup
199,134.32085,47.91948868,2018/6/28,rice,MidGreenup
199,134.32085,47.91948868,2018/8/6,rice,Peak
199,134.32085,47.91948868,2018/7/21,rice,Maturity
199,134.32085,47.91948868,2018/9/24,rice,MidSenescence
199,134.32085,47.91948868,2018/8/25,rice,Senescence
199,134.32085,47.91948868,2018/10/23,rice,Dormancy
200,134.3176172,47.72410425,2018/6/3,rice,Greenup
200,134.3176172,47.72410425,2018/6/24,rice,MidGreenup
200,134.3176172,47.72410425,2018/8/6,rice,Peak
200,134.3176172,47.72410425,2018/7/20,rice,Maturity
200,134.3176172,47.72410425,2018/9/25,rice,MidSenescence
200,134.3176172,47.72410425,2018/8/26,rice,Senescence
200,134.3176172,47.72410425,2018/10/23,rice,Dormancy
201,134.4806597,47.81034326,2018/6/9,rice,Greenup
201,134.4806597,47.81034326,2018/6/29,rice,MidGreenup
201,134.4806597,47.81034326,2018/8/7,rice,Peak
201,134.4806597,47.81034326,2018/7/22,rice,Maturity
201,134.4806597,47.81034326,2018/9/24,rice,MidSenescence
201,134.4806597,47.81034326,2018/8/26,rice,Senescence
201,134.4806597,47.81034326,2018/10/22,rice,Dormancy
202,133.3137487,47.77180325,2018/6/2,rice,Greenup
202,133.3137487,47.77180325,2018/6/22,rice,MidGreenup
202,133.3137487,47.77180325,2018/8/2,rice,Peak
202,133.3137487,47.77180325,2018/7/15,rice,Maturity
202,133.3137487,47.77180325,2018/9/22,rice,MidSenescence
202,133.3137487,47.77180325,2018/8/22,rice,Senescence
202,133.3137487,47.77180325,2018/10/19,rice,Dormancy
203,131.7937972,47.63463239,2018/6/4,rice,Greenup
203,131.7937972,47.63463239,2018/6/25,rice,MidGreenup
203,131.7937972,47.63463239,2018/8/4,rice,Peak
203,131.7937972,47.63463239,2018/7/18,rice,Maturity
203,131.7937972,47.63463239,2018/9/23,rice,MidSenescence
203,131.7937972,47.63463239,2018/8/23,rice,Senescence
203,131.7937972,47.63463239,2018/10/22,rice,Dormancy
204,132.643247,47.72248559,2018/6/5,rice,Greenup
204,132.643247,47.72248559,2018/6/26,rice,MidGreenup
204,132.643247,47.72248559,2018/8/5,rice,Peak
204,132.643247,47.72248559,2018/7/20,rice,Maturity
204,132.643247,47.72248559,2018/9/24,rice,MidSenescence
204,132.643247,47.72248559,2018/8/25,rice,Senescence
204,132.643247,47.72248559,2018/10/23,rice,Dormancy
205,132.8777065,47.64675668,2018/6/8,rice,Greenup
205,132.8777065,47.64675668,2018/6/27,rice,MidGreenup
205,132.8777065,47.64675668,2018/8/6,rice,Peak
205,132.8777065,47.64675668,2018/7/20,rice,Maturity
205,132.8777065,47.64675668,2018/9/23,rice,MidSenescence
205,132.8777065,47.64675668,2018/8/25,rice,Senescence
205,132.8777065,47.64675668,2018/10/19,rice,Dormancy
206,133.7398202,47.66966754,2018/5/27,rice,Greenup
206,133.7398202,47.66966754,2018/6/19,rice,MidGreenup
206,133.7398202,47.66966754,2018/8/2,rice,Peak
206,133.7398202,47.66966754,2018/7/15,rice,Maturity
206,133.7398202,47.66966754,2018/9/23,rice,MidSenescence
206,133.7398202,47.66966754,2018/8/23,rice,Senescence
206,133.7398202,47.66966754,2018/10/20,rice,Dormancy
207,134.1885262,47.65188019,2018/6/3,rice,Greenup
207,134.1885262,47.65188019,2018/6/23,rice,MidGreenup
207,134.1885262,47.65188019,2018/8/4,rice,Peak
207,134.1885262,47.65188019,2018/7/18,rice,Maturity
207,134.1885262,47.65188019,2018/9/25,rice,MidSenescence
207,134.1885262,47.65188019,2018/8/24,rice,Senescence
207,134.1885262,47.65188019,2018/10/25,rice,Dormancy
208,133.107047,47.70954974,2018/6/5,rice,Greenup
208,133.107047,47.70954974,2018/6/26,rice,MidGreenup
208,133.107047,47.70954974,2018/8/5,rice,Peak
208,133.107047,47.70954974,2018/7/19,rice,Maturity
208,133.107047,47.70954974,2018/9/22,rice,MidSenescence
208,133.107047,47.70954974,2018/8/24,rice,Senescence
208,133.107047,47.70954974,2018/10/20,rice,Dormancy
209,134.5272796,47.64406338,2018/6/12,rice,Greenup
209,134.5272796,47.64406338,2018/7/1,rice,MidGreenup
209,134.5272796,47.64406338,2018/8/10,rice,Peak
209,134.5272796,47.64406338,2018/7/24,rice,Maturity
209,134.5272796,47.64406338,2018/9/28,rice,MidSenescence
209,134.5272796,47.64406338,2018/8/29,rice,Senescence
209,134.5272796,47.64406338,2018/10/26,rice,Dormancy
210,134.6415486,47.71736655,2018/6/11,rice,Greenup
210,134.6415486,47.71736655,2018/7/1,rice,MidGreenup
210,134.6415486,47.71736655,2018/8/10,rice,Peak
210,134.6415486,47.71736655,2018/7/24,rice,Maturity
210,134.6415486,47.71736655,2018/9/25,rice,MidSenescence
210,134.6415486,47.71736655,2018/8/29,rice,Senescence
210,134.6415486,47.71736655,2018/10/22,rice,Dormancy
211,131.2882243,47.56321542,2018/5/31,rice,Greenup
211,131.2882243,47.56321542,2018/6/21,rice,MidGreenup
211,131.2882243,47.56321542,2018/7/31,rice,Peak
211,131.2882243,47.56321542,2018/7/15,rice,Maturity
211,131.2882243,47.56321542,2018/9/19,rice,MidSenescence
211,131.2882243,47.56321542,2018/8/20,rice,Senescence
211,131.2882243,47.56321542,2018/10/17,rice,Dormancy
212,133.0709328,47.55054712,2018/6/5,rice,Greenup
212,133.0709328,47.55054712,2018/6/24,rice,MidGreenup
212,133.0709328,47.55054712,2018/8/3,rice,Peak
212,133.0709328,47.55054712,2018/7/17,rice,Maturity
212,133.0709328,47.55054712,2018/9/24,rice,MidSenescence
212,133.0709328,47.55054712,2018/8/24,rice,Senescence
212,133.0709328,47.55054712,2018/10/23,rice,Dormancy
213,133.2552675,47.60148343,2018/6/6,rice,Greenup
213,133.2552675,47.60148343,2018/6/27,rice,MidGreenup
213,133.2552675,47.60148343,2018/8/7,rice,Peak
213,133.2552675,47.60148343,2018/7/21,rice,Maturity
213,133.2552675,47.60148343,2018/9/25,rice,MidSenescence
213,133.2552675,47.60148343,2018/8/27,rice,Senescence
213,133.2552675,47.60148343,2018/10/22,rice,Dormancy
214,132.4400458,47.56483408,2018/6/4,rice,Greenup
214,132.4400458,47.56483408,2018/6/25,rice,MidGreenup
214,132.4400458,47.56483408,2018/8/4,rice,Peak
214,132.4400458,47.56483408,2018/7/18,rice,Maturity
214,132.4400458,47.56483408,2018/9/25,rice,MidSenescence
214,132.4400458,47.56483408,2018/8/24,rice,Senescence
214,132.4400458,47.56483408,2018/10/25,rice,Dormancy
215,131.9061754,47.61576593,2018/6/1,rice,Greenup
215,131.9061754,47.61576593,2018/6/21,rice,MidGreenup
215,131.9061754,47.61576593,2018/8/1,rice,Peak
215,131.9061754,47.61576593,2018/7/15,rice,Maturity
215,131.9061754,47.61576593,2018/9/21,rice,MidSenescence
215,131.9061754,47.61576593,2018/8/21,rice,Senescence
215,131.9061754,47.61576593,2018/10/20,rice,Dormancy
216,131.8646746,47.59609238,2018/6/5,rice,Greenup
216,131.8646746,47.59609238,2018/6/26,rice,MidGreenup
216,131.8646746,47.59609238,2018/8/4,rice,Peak
216,131.8646746,47.59609238,2018/7/19,rice,Maturity
216,131.8646746,47.59609238,2018/9/21,rice,MidSenescence
216,131.8646746,47.59609238,2018/8/23,rice,Senescence
216,131.8646746,47.59609238,2018/10/20,rice,Dormancy
217,131.3353882,47.60444873,2018/6/1,rice,Greenup
217,131.3353882,47.60444873,2018/6/22,rice,MidGreenup
217,131.3353882,47.60444873,2018/8/2,rice,Peak
217,131.3353882,47.60444873,2018/7/16,rice,Maturity
217,131.3353882,47.60444873,2018/9/21,rice,MidSenescence
217,131.3353882,47.60444873,2018/8/21,rice,Senescence
217,131.3353882,47.60444873,2018/10/20,rice,Dormancy
218,133.4118444,47.60121588,2018/6/6,rice,Greenup
218,133.4118444,47.60121588,2018/6/25,rice,MidGreenup
218,133.4118444,47.60121588,2018/8/4,rice,Peak
218,133.4118444,47.60121588,2018/7/18,rice,Maturity
218,133.4118444,47.60121588,2018/9/21,rice,MidSenescence
218,133.4118444,47.60121588,2018/8/23,rice,Senescence
218,133.4118444,47.60121588,2018/10/19,rice,Dormancy
219,133.8255197,47.57103223,2018/6/3,rice,Greenup
219,133.8255197,47.57103223,2018/6/23,rice,MidGreenup
219,133.8255197,47.57103223,2018/8/3,rice,Peak
219,133.8255197,47.57103223,2018/7/17,rice,Maturity
219,133.8255197,47.57103223,2018/9/24,rice,MidSenescence
219,133.8255197,47.57103223,2018/8/23,rice,Senescence
219,133.8255197,47.57103223,2018/10/24,rice,Dormancy
220,131.4515389,47.52845227,2018/5/31,rice,Greenup
220,131.4515389,47.52845227,2018/6/21,rice,MidGreenup
220,131.4515389,47.52845227,2018/8/2,rice,Peak
220,131.4515389,47.52845227,2018/7/16,rice,Maturity
220,131.4515389,47.52845227,2018/9/21,rice,MidSenescence
220,131.4515389,47.52845227,2018/8/22,rice,Senescence
220,131.4515389,47.52845227,2018/10/19,rice,Dormancy
221,131.6913895,47.44841141,2018/6/6,rice,Greenup
221,131.6913895,47.44841141,2018/6/24,rice,MidGreenup
221,131.6913895,47.44841141,2018/8/2,rice,Peak
221,131.6913895,47.44841141,2018/7/17,rice,Maturity
221,131.6913895,47.44841141,2018/9/19,rice,MidSenescence
221,131.6913895,47.44841141,2018/8/21,rice,Senescence
221,131.6913895,47.44841141,2018/10/17,rice,Dormancy
222,133.1682214,47.47455066,2018/6/6,rice,Greenup
222,133.1682214,47.47455066,2018/6/25,rice,MidGreenup
222,133.1682214,47.47455066,2018/8/4,rice,Peak
222,133.1682214,47.47455066,2018/7/18,rice,Maturity
222,133.1682214,47.47455066,2018/9/25,rice,MidSenescence
222,133.1682214,47.47455066,2018/8/24,rice,Senescence
222,133.1682214,47.47455066,2018/10/23,rice,Dormancy
223,132.944,47.51901681,2018/6/9,rice,Greenup
223,132.944,47.51901681,2018/6/26,rice,MidGreenup
223,132.944,47.51901681,2018/8/3,rice,Peak
223,132.944,47.51901681,2018/7/18,rice,Maturity
223,132.944,47.51901681,2018/9/20,rice,MidSenescence
223,132.944,47.51901681,2018/8/22,rice,Senescence
223,132.944,47.51901681,2018/10/16,rice,Dormancy
224,132.9415742,47.48479321,2018/6/8,rice,Greenup
224,132.9415742,47.48479321,2018/6/26,rice,MidGreenup
224,132.9415742,47.48479321,2018/8/5,rice,Peak
224,132.9415742,47.48479321,2018/7/19,rice,Maturity
224,132.9415742,47.48479321,2018/9/21,rice,MidSenescence
224,132.9415742,47.48479321,2018/8/24,rice,Senescence
224,132.9415742,47.48479321,2018/10/17,rice,Dormancy
225,132.9674459,47.48020926,2018/6/9,rice,Greenup
225,132.9674459,47.48020926,2018/6/26,rice,MidGreenup
225,132.9674459,47.48020926,2018/8/4,rice,Peak
225,132.9674459,47.48020926,2018/7/19,rice,Maturity
225,132.9674459,47.48020926,2018/9/20,rice,MidSenescence
225,132.9674459,47.48020926,2018/8/22,rice,Senescence
225,132.9674459,47.48020926,2018/10/19,rice,Dormancy
226,132.0110089,47.53626462,2018/6/2,rice,Greenup
226,132.0110089,47.53626462,2018/6/22,rice,MidGreenup
226,132.0110089,47.53626462,2018/8/2,rice,Peak
226,132.0110089,47.53626462,2018/7/16,rice,Maturity
226,132.0110089,47.53626462,2018/9/22,rice,MidSenescence
226,132.0110089,47.53626462,2018/8/22,rice,Senescence
226,132.0110089,47.53626462,2018/10/21,rice,Dormancy
227,132.2427751,47.47832306,2018/6/7,rice,Greenup
227,132.2427751,47.47832306,2018/6/28,rice,MidGreenup
227,132.2427751,47.47832306,2018/8/7,rice,Peak
227,132.2427751,47.47832306,2018/7/22,rice,Maturity
227,132.2427751,47.47832306,2018/9/26,rice,MidSenescence
227,132.2427751,47.47832306,2018/8/27,rice,Senescence
227,132.2427751,47.47832306,2018/10/25,rice,Dormancy
228,133.8360298,47.50527386,2018/6/2,rice,Greenup
228,133.8360298,47.50527386,2018/6/22,rice,MidGreenup
228,133.8360298,47.50527386,2018/7/31,rice,Peak
228,133.8360298,47.50527386,2018/7/15,rice,Maturity
228,133.8360298,47.50527386,2018/9/18,rice,MidSenescence
228,133.8360298,47.50527386,2018/8/19,rice,Senescence
228,133.8360298,47.50527386,2018/10/18,rice,Dormancy
229,133.8098861,47.45784241,2018/6/5,rice,Greenup
229,133.8098861,47.45784241,2018/6/25,rice,MidGreenup
229,133.8098861,47.45784241,2018/8/6,rice,Peak
229,133.8098861,47.45784241,2018/7/20,rice,Maturity
229,133.8098861,47.45784241,2018/9/24,rice,MidSenescence
229,133.8098861,47.45784241,2018/8/26,rice,Senescence
229,133.8098861,47.45784241,2018/10/20,rice,Dormancy
230,131.6135068,47.54003702,2018/5/29,rice,Greenup
230,131.6135068,47.54003702,2018/6/19,rice,MidGreenup
230,131.6135068,47.54003702,2018/7/30,rice,Peak
230,131.6135068,47.54003702,2018/7/14,rice,Maturity
230,131.6135068,47.54003702,2018/9/18,rice,MidSenescence
230,131.6135068,47.54003702,2018/8/19,rice,Senescence
230,131.6135068,47.54003702,2018/10/16,rice,Dormancy
231,134.2038878,47.45811441,2018/6/4,rice,Greenup
231,134.2038878,47.45811441,2018/6/24,rice,MidGreenup
231,134.2038878,47.45811441,2018/8/5,rice,Peak
231,134.2038878,47.45811441,2018/7/19,rice,Maturity
231,134.2038878,47.45811441,2018/9/26,rice,MidSenescence
231,134.2038878,47.45811441,2018/8/25,rice,Senescence
231,134.2038878,47.45811441,2018/10/23,rice,Dormancy
232,133.7338896,47.50742761,2018/6/5,rice,Greenup
232,133.7338896,47.50742761,2018/6/24,rice,MidGreenup
232,133.7338896,47.50742761,2018/8/3,rice,Peak
232,133.7338896,47.50742761,2018/7/17,rice,Maturity
232,133.7338896,47.50742761,2018/9/21,rice,MidSenescence
232,133.7338896,47.50742761,2018/8/23,rice,Senescence
232,133.7338896,47.50742761,2018/10/19,rice,Dormancy
233,134.2809633,47.53060602,2018/6/9,rice,Greenup
233,134.2809633,47.53060602,2018/6/30,rice,MidGreenup
233,134.2809633,47.53060602,2018/8/9,rice,Peak
233,134.2809633,47.53060602,2018/7/23,rice,Maturity
233,134.2809633,47.53060602,2018/9/27,rice,MidSenescence
233,134.2809633,47.53060602,2018/8/28,rice,Senescence
233,134.2809633,47.53060602,2018/10/24,rice,Dormancy
234,131.7700837,47.4109505,2018/6/5,rice,Greenup
234,131.7700837,47.4109505,2018/6/24,rice,MidGreenup
234,131.7700837,47.4109505,2018/8/2,rice,Peak
234,131.7700837,47.4109505,2018/7/17,rice,Maturity
234,131.7700837,47.4109505,2018/9/19,rice,MidSenescence
234,131.7700837,47.4109505,2018/8/20,rice,Senescence
234,131.7700837,47.4109505,2018/10/20,rice,Dormancy
235,131.7169936,47.406099,2018/6/7,rice,Greenup
235,131.7169936,47.406099,2018/6/25,rice,MidGreenup
235,131.7169936,47.406099,2018/8/3,rice,Peak
235,131.7169936,47.406099,2018/7/18,rice,Maturity
235,131.7169936,47.406099,2018/9/19,rice,MidSenescence
235,131.7169936,47.406099,2018/8/22,rice,Senescence
235,131.7169936,47.406099,2018/10/17,rice,Dormancy
236,131.3841663,47.39990085,2018/6/1,rice,Greenup
236,131.3841663,47.39990085,2018/6/21,rice,MidGreenup
236,131.3841663,47.39990085,2018/8/2,rice,Peak
236,131.3841663,47.39990085,2018/7/15,rice,Maturity
236,131.3841663,47.39990085,2018/9/19,rice,MidSenescence
236,131.3841663,47.39990085,2018/8/21,rice,Senescence
236,131.3841663,47.39990085,2018/10/16,rice,Dormancy
237,133.1563647,47.368103,2018/6/3,rice,Greenup
237,133.1563647,47.368103,2018/6/22,rice,MidGreenup
237,133.1563647,47.368103,2018/8/1,rice,Peak
237,133.1563647,47.368103,2018/7/15,rice,Maturity
237,133.1563647,47.368103,2018/9/18,rice,MidSenescence
237,133.1563647,47.368103,2018/8/20,rice,Senescence
237,133.1563647,47.368103,2018/10/12,rice,Dormancy
238,131.9042892,47.52036346,2018/6/9,rice,Greenup
238,131.9042892,47.52036346,2018/6/28,rice,MidGreenup
238,131.9042892,47.52036346,2018/8/6,rice,Peak
238,131.9042892,47.52036346,2018/7/21,rice,Maturity
238,131.9042892,47.52036346,2018/9/23,rice,MidSenescence
238,131.9042892,47.52036346,2018/8/25,rice,Senescence
238,131.9042892,47.52036346,2018/10/22,rice,Dormancy
239,132.7734126,47.39909375,2018/5/31,rice,Greenup
239,132.7734126,47.39909375,2018/6/20,rice,MidGreenup
239,132.7734126,47.39909375,2018/7/31,rice,Peak
239,132.7734126,47.39909375,2018/7/14,rice,Maturity
239,132.7734126,47.39909375,2018/9/21,rice,MidSenescence
239,132.7734126,47.39909375,2018/8/20,rice,Senescence
239,132.7734126,47.39909375,2018/10/20,rice,Dormancy
240,133.6632842,47.43170316,2018/6/3,rice,Greenup
240,133.6632842,47.43170316,2018/6/24,rice,MidGreenup
240,133.6632842,47.43170316,2018/8/4,rice,Peak
240,133.6632842,47.43170316,2018/7/18,rice,Maturity
240,133.6632842,47.43170316,2018/9/25,rice,MidSenescence
240,133.6632842,47.43170316,2018/8/24,rice,Senescence
240,133.6632842,47.43170316,2018/10/25,rice,Dormancy
241,133.6665171,47.40960385,2018/6/3,rice,Greenup
241,133.6665171,47.40960385,2018/6/24,rice,MidGreenup
241,133.6665171,47.40960385,2018/8/5,rice,Peak
241,133.6665171,47.40960385,2018/7/18,rice,Maturity
241,133.6665171,47.40960385,2018/9/21,rice,MidSenescence
241,133.6665171,47.40960385,2018/8/24,rice,Senescence
241,133.6665171,47.40960385,2018/10/19,rice,Dormancy
242,133.5905206,47.36783099,2018/6/5,rice,Greenup
242,133.5905206,47.36783099,2018/6/24,rice,MidGreenup
242,133.5905206,47.36783099,2018/8/3,rice,Peak
242,133.5905206,47.36783099,2018/7/17,rice,Maturity
242,133.5905206,47.36783099,2018/9/22,rice,MidSenescence
242,133.5905206,47.36783099,2018/8/23,rice,Senescence
242,133.5905206,47.36783099,2018/10/19,rice,Dormancy
243,125.0135824,47.31716669,2018/6/15,rice,Greenup
243,125.0135824,47.31716669,2018/7/3,rice,MidGreenup
243,125.0135824,47.31716669,2018/8/9,rice,Peak
243,125.0135824,47.31716669,2018/7/24,rice,Maturity
243,125.0135824,47.31716669,2018/9/24,rice,MidSenescence
243,125.0135824,47.31716669,2018/8/27,rice,Senescence
243,125.0135824,47.31716669,2018/10/22,rice,Dormancy
244,130.4959134,47.30449838,2018/6/2,rice,Greenup
244,130.4959134,47.30449838,2018/6/24,rice,MidGreenup
244,130.4959134,47.30449838,2018/8/3,rice,Peak
244,130.4959134,47.30449838,2018/7/18,rice,Maturity
244,130.4959134,47.30449838,2018/9/20,rice,MidSenescence
244,130.4959134,47.30449838,2018/8/22,rice,Senescence
244,130.4959134,47.30449838,2018/10/20,rice,Dormancy
245,131.0777503,47.30692413,2018/6/9,rice,Greenup
245,131.0777503,47.30692413,2018/6/28,rice,MidGreenup
245,131.0777503,47.30692413,2018/8/6,rice,Peak
245,131.0777503,47.30692413,2018/7/20,rice,Maturity
245,131.0777503,47.30692413,2018/9/24,rice,MidSenescence
245,131.0777503,47.30692413,2018/8/25,rice,Senescence
245,131.0777503,47.30692413,2018/10/22,rice,Dormancy
246,131.2165398,47.31312228,2018/6/2,rice,Greenup
246,131.2165398,47.31312228,2018/6/20,rice,MidGreenup
246,131.2165398,47.31312228,2018/7/29,rice,Peak
246,131.2165398,47.31312228,2018/7/12,rice,Maturity
246,131.2165398,47.31312228,2018/9/16,rice,MidSenescence
246,131.2165398,47.31312228,2018/8/16,rice,Senescence
246,131.2165398,47.31312228,2018/10/14,rice,Dormancy
247,133.1870834,47.26434418,2018/6/1,rice,Greenup
247,133.1870834,47.26434418,2018/6/21,rice,MidGreenup
247,133.1870834,47.26434418,2018/8/1,rice,Peak
247,133.1870834,47.26434418,2018/7/15,rice,Maturity
247,133.1870834,47.26434418,2018/9/23,rice,MidSenescence
247,133.1870834,47.26434418,2018/8/21,rice,Senescence
247,133.1870834,47.26434418,2018/10/22,rice,Dormancy
248,130.7222886,47.31474094,2018/6/4,rice,Greenup
248,130.7222886,47.31474094,2018/6/24,rice,MidGreenup
248,130.7222886,47.31474094,2018/8/3,rice,Peak
248,130.7222886,47.31474094,2018/7/18,rice,Maturity
248,130.7222886,47.31474094,2018/9/21,rice,MidSenescence
248,130.7222886,47.31474094,2018/8/23,rice,Senescence
248,130.7222886,47.31474094,2018/10/20,rice,Dormancy
249,132.8437505,47.30692413,2018/5/31,rice,Greenup
249,132.8437505,47.30692413,2018/6/20,rice,MidGreenup
249,132.8437505,47.30692413,2018/7/31,rice,Peak
249,132.8437505,47.30692413,2018/7/14,rice,Maturity
249,132.8437505,47.30692413,2018/9/22,rice,MidSenescence
249,132.8437505,47.30692413,2018/8/21,rice,Senescence
249,132.8437505,47.30692413,2018/10/20,rice,Dormancy
250,133.6099221,47.26676993,2018/6/5,rice,Greenup
250,133.6099221,47.26676993,2018/6/25,rice,MidGreenup
250,133.6099221,47.26676993,2018/8/4,rice,Peak
250,133.6099221,47.26676993,2018/7/19,rice,Maturity
250,133.6099221,47.26676993,2018/9/22,rice,MidSenescence
250,133.6099221,47.26676993,2018/8/24,rice,Senescence
250,133.6099221,47.26676993,2018/10/19,rice,Dormancy
251,132.8760879,47.28806213,2018/6/1,rice,Greenup
251,132.8760879,47.28806213,2018/6/21,rice,MidGreenup
251,132.8760879,47.28806213,2018/8/2,rice,Peak
251,132.8760879,47.28806213,2018/7/15,rice,Maturity
251,132.8760879,47.28806213,2018/9/24,rice,MidSenescence
251,132.8760879,47.28806213,2018/8/23,rice,Senescence
251,132.8760879,47.28806213,2018/10/20,rice,Dormancy
252,132.9275637,47.27000723,2018/6/1,rice,Greenup
252,132.9275637,47.27000723,2018/6/20,rice,MidGreenup
252,132.9275637,47.27000723,2018/7/30,rice,Peak
252,132.9275637,47.27000723,2018/7/13,rice,Maturity
252,132.9275637,47.27000723,2018/9/20,rice,MidSenescence
252,132.9275637,47.27000723,2018/8/18,rice,Senescence
252,132.9275637,47.27000723,2018/10/19,rice,Dormancy
253,133.2288563,47.34061264,2018/5/31,rice,Greenup
253,133.2288563,47.34061264,2018/6/21,rice,MidGreenup
253,133.2288563,47.34061264,2018/7/31,rice,Peak
253,133.2288563,47.34061264,2018/7/14,rice,Maturity
253,133.2288563,47.34061264,2018/9/18,rice,MidSenescence
253,133.2288563,47.34061264,2018/8/19,rice,Senescence
253,133.2288563,47.34061264,2018/10/12,rice,Dormancy
254,133.7468255,47.29129498,2018/6/4,rice,Greenup
254,133.7468255,47.29129498,2018/6/24,rice,MidGreenup
254,133.7468255,47.29129498,2018/8/4,rice,Peak
254,133.7468255,47.29129498,2018/7/18,rice,Maturity
254,133.7468255,47.29129498,2018/9/21,rice,MidSenescence
254,133.7468255,47.29129498,2018/8/23,rice,Senescence
254,133.7468255,47.29129498,2018/10/19,rice,Dormancy
255,133.8001875,47.21583807,2018/6/4,rice,Greenup
255,133.8001875,47.21583807,2018/6/25,rice,MidGreenup
255,133.8001875,47.21583807,2018/8/7,rice,Peak
255,133.8001875,47.21583807,2018/7/21,rice,Maturity
255,133.8001875,47.21583807,2018/9/24,rice,MidSenescence
255,133.8001875,47.21583807,2018/8/26,rice,Senescence
255,133.8001875,47.21583807,2018/10/20,rice,Dormancy
256,132.9073506,47.22446198,2018/6/2,rice,Greenup
256,132.9073506,47.22446198,2018/6/21,rice,MidGreenup
256,132.9073506,47.22446198,2018/7/31,rice,Peak
256,132.9073506,47.22446198,2018/7/14,rice,Maturity
256,132.9073506,47.22446198,2018/9/19,rice,MidSenescence
256,132.9073506,47.22446198,2018/8/20,rice,Senescence
256,132.9073506,47.22446198,2018/10/17,rice,Dormancy
257,132.7602048,47.25329452,2018/5/25,rice,Greenup
257,132.7602048,47.25329452,2018/6/16,rice,MidGreenup
257,132.7602048,47.25329452,2018/7/27,rice,Peak
257,132.7602048,47.25329452,2018/7/10,rice,Maturity
257,132.7602048,47.25329452,2018/9/16,rice,MidSenescence
257,132.7602048,47.25329452,2018/8/15,rice,Senescence
257,132.7602048,47.25329452,2018/10/13,rice,Dormancy
258,131.2286685,47.25949267,2018/5/31,rice,Greenup
258,131.2286685,47.25949267,2018/6/21,rice,MidGreenup
258,131.2286685,47.25949267,2018/8/2,rice,Peak
258,131.2286685,47.25949267,2018/7/15,rice,Maturity
258,131.2286685,47.25949267,2018/9/26,rice,MidSenescence
258,131.2286685,47.25949267,2018/8/24,rice,Senescence
258,131.2286685,47.25949267,2018/10/23,rice,Dormancy
259,127.256586,47.13768341,2018/6/4,rice,Greenup
259,127.256586,47.13768341,2018/6/21,rice,MidGreenup
259,127.256586,47.13768341,2018/7/28,rice,Peak
259,127.256586,47.13768341,2018/7/13,rice,Maturity
259,127.256586,47.13768341,2018/9/13,rice,MidSenescence
259,127.256586,47.13768341,2018/8/15,rice,Senescence
259,127.256586,47.13768341,2018/10/11,rice,Dormancy
260,131.1782718,47.15627786,2018/6/9,rice,Greenup
260,131.1782718,47.15627786,2018/6/28,rice,MidGreenup
260,131.1782718,47.15627786,2018/8/8,rice,Peak
260,131.1782718,47.15627786,2018/7/22,rice,Maturity
260,131.1782718,47.15627786,2018/9/29,rice,MidSenescence
260,131.1782718,47.15627786,2018/8/28,rice,Senescence
260,131.1782718,47.15627786,2018/10/28,rice,Dormancy
261,131.1165578,47.0821676,2018/6/12,rice,Greenup
261,131.1165578,47.0821676,2018/6/30,rice,MidGreenup
261,131.1165578,47.0821676,2018/8/7,rice,Peak
261,131.1165578,47.0821676,2018/7/22,rice,Maturity
261,131.1165578,47.0821676,2018/9/25,rice,MidSenescence
261,131.1165578,47.0821676,2018/8/26,rice,Senescence
261,131.1165578,47.0821676,2018/10/23,rice,Dormancy
262,131.639646,47.09429636,2018/6/9,rice,Greenup
262,131.639646,47.09429636,2018/6/28,rice,MidGreenup
262,131.639646,47.09429636,2018/8/6,rice,Peak
262,131.639646,47.09429636,2018/7/21,rice,Maturity
262,131.639646,47.09429636,2018/9/23,rice,MidSenescence
262,131.639646,47.09429636,2018/8/24,rice,Senescence
262,131.639646,47.09429636,2018/10/22,rice,Dormancy
263,131.4105776,47.16193646,2018/6/3,rice,Greenup
263,131.4105776,47.16193646,2018/6/23,rice,MidGreenup
263,131.4105776,47.16193646,2018/8/2,rice,Peak
263,131.4105776,47.16193646,2018/7/16,rice,Maturity
263,131.4105776,47.16193646,2018/9/20,rice,MidSenescence
263,131.4105776,47.16193646,2018/8/21,rice,Senescence
263,131.4105776,47.16193646,2018/10/17,rice,Dormancy
264,131.7434049,47.13363901,2018/6/4,rice,Greenup
264,131.7434049,47.13363901,2018/6/23,rice,MidGreenup
264,131.7434049,47.13363901,2018/8/1,rice,Peak
264,131.7434049,47.13363901,2018/7/16,rice,Maturity
264,131.7434049,47.13363901,2018/9/21,rice,MidSenescence
264,131.7434049,47.13363901,2018/8/21,rice,Senescence
264,131.7434049,47.13363901,2018/10/22,rice,Dormancy
265,130.5673303,47.08620755,2018/6/3,rice,Greenup
265,130.5673303,47.08620755,2018/6/23,rice,MidGreenup
265,130.5673303,47.08620755,2018/8/2,rice,Peak
265,130.5673303,47.08620755,2018/7/17,rice,Maturity
265,130.5673303,47.08620755,2018/9/22,rice,MidSenescence
265,130.5673303,47.08620755,2018/8/21,rice,Senescence
265,130.5673303,47.08620755,2018/10/21,rice,Dormancy
266,132.2522106,47.14711441,2018/6/11,rice,Greenup
266,132.2522106,47.14711441,2018/6/29,rice,MidGreenup
266,132.2522106,47.14711441,2018/8/8,rice,Peak
266,132.2522106,47.14711441,2018/7/22,rice,Maturity
266,132.2522106,47.14711441,2018/9/24,rice,MidSenescence
266,132.2522106,47.14711441,2018/8/27,rice,Senescence
266,132.2522106,47.14711441,2018/10/20,rice,Dormancy
267,131.8679074,47.16274802,2018/6/8,rice,Greenup
267,131.8679074,47.16274802,2018/6/27,rice,MidGreenup
267,131.8679074,47.16274802,2018/8/5,rice,Peak
267,131.8679074,47.16274802,2018/7/20,rice,Maturity
267,131.8679074,47.16274802,2018/9/24,rice,MidSenescence
267,131.8679074,47.16274802,2018/8/25,rice,Senescence
267,131.8679074,47.16274802,2018/10/24,rice,Dormancy
268,133.4447214,47.16948572,2018/6/10,rice,Greenup
268,133.4447214,47.16948572,2018/7/1,rice,MidGreenup
268,133.4447214,47.16948572,2018/8/9,rice,Peak
268,133.4447214,47.16948572,2018/7/24,rice,Maturity
268,133.4447214,47.16948572,2018/9/26,rice,MidSenescence
268,133.4447214,47.16948572,2018/8/28,rice,Senescence
268,133.4447214,47.16948572,2018/10/23,rice,Dormancy
269,130.4191054,47.07893475,2018/6/2,rice,Greenup
269,130.4191054,47.07893475,2018/6/21,rice,MidGreenup
269,130.4191054,47.07893475,2018/7/30,rice,Peak
269,130.4191054,47.07893475,2018/7/13,rice,Maturity
269,130.4191054,47.07893475,2018/9/17,rice,MidSenescence
269,130.4191054,47.07893475,2018/8/18,rice,Senescence
269,130.4191054,47.07893475,2018/10/16,rice,Dormancy
270,131.496005,46.99916144,2018/6/7,rice,Greenup
270,131.496005,46.99916144,2018/6/26,rice,MidGreenup
270,131.496005,46.99916144,2018/8/5,rice,Peak
270,131.496005,46.99916144,2018/7/19,rice,Maturity
270,131.496005,46.99916144,2018/9/23,rice,MidSenescence
270,131.496005,46.99916144,2018/8/24,rice,Senescence
270,131.496005,46.99916144,2018/10/19,rice,Dormancy
271,131.8910858,47.03473614,2018/6/13,rice,Greenup
271,131.8910858,47.03473614,2018/7/1,rice,MidGreenup
271,131.8910858,47.03473614,2018/8/7,rice,Peak
271,131.8910858,47.03473614,2018/7/23,rice,Maturity
271,131.8910858,47.03473614,2018/9/24,rice,MidSenescence
271,131.8910858,47.03473614,2018/8/26,rice,Senescence
271,131.8910858,47.03473614,2018/10/24,rice,Dormancy
272,127.6691822,46.93017022,2018/6/3,rice,Greenup
272,127.6691822,46.93017022,2018/6/21,rice,MidGreenup
272,127.6691822,46.93017022,2018/7/28,rice,Peak
272,127.6691822,46.93017022,2018/7/12,rice,Maturity
272,127.6691822,46.93017022,2018/9/15,rice,MidSenescence
272,127.6691822,46.93017022,2018/8/16,rice,Senescence
272,127.6691822,46.93017022,2018/10/16,rice,Dormancy
273,127.2401498,46.96008633,2018/6/2,rice,Greenup
273,127.2401498,46.96008633,2018/6/20,rice,MidGreenup
273,127.2401498,46.96008633,2018/7/29,rice,Peak
273,127.2401498,46.96008633,2018/7/12,rice,Maturity
273,127.2401498,46.96008633,2018/9/20,rice,MidSenescence
273,127.2401498,46.96008633,2018/8/19,rice,Senescence
273,127.2401498,46.96008633,2018/10/19,rice,Dormancy
274,130.9960952,46.91130823,2018/6/7,rice,Greenup
274,130.9960952,46.91130823,2018/6/26,rice,MidGreenup
274,130.9960952,46.91130823,2018/8/3,rice,Peak
274,130.9960952,46.91130823,2018/7/18,rice,Maturity
274,130.9960952,46.91130823,2018/9/22,rice,MidSenescence
274,130.9960952,46.91130823,2018/8/23,rice,Senescence
274,130.9960952,46.91130823,2018/10/25,rice,Dormancy
275,130.7883145,46.94014523,2018/6/9,rice,Greenup
275,130.7883145,46.94014523,2018/6/27,rice,MidGreenup
275,130.7883145,46.94014523,2018/8/5,rice,Peak
275,130.7883145,46.94014523,2018/7/20,rice,Maturity
275,130.7883145,46.94014523,2018/9/23,rice,MidSenescence
275,130.7883145,46.94014523,2018/8/24,rice,Senescence
275,130.7883145,46.94014523,2018/10/22,rice,Dormancy
276,132.0673363,46.95846768,2018/6/8,rice,Greenup
276,132.0673363,46.95846768,2018/6/27,rice,MidGreenup
276,132.0673363,46.95846768,2018/8/7,rice,Peak
276,132.0673363,46.95846768,2018/7/21,rice,Maturity
276,132.0673363,46.95846768,2018/9/24,rice,MidSenescence
276,132.0673363,46.95846768,2018/8/26,rice,Senescence
276,132.0673363,46.95846768,2018/10/18,rice,Dormancy
277,132.040925,46.93637283,2018/6/7,rice,Greenup
277,132.040925,46.93637283,2018/6/26,rice,MidGreenup
277,132.040925,46.93637283,2018/8/5,rice,Peak
277,132.040925,46.93637283,2018/7/19,rice,Maturity
277,132.040925,46.93637283,2018/9/22,rice,MidSenescence
277,132.040925,46.93637283,2018/8/24,rice,Senescence
277,132.040925,46.93637283,2018/10/19,rice,Dormancy
278,131.4245925,46.94661093,2018/6/4,rice,Greenup
278,131.4245925,46.94661093,2018/6/24,rice,MidGreenup
278,131.4245925,46.94661093,2018/8/2,rice,Peak
278,131.4245925,46.94661093,2018/7/17,rice,Maturity
278,131.4245925,46.94661093,2018/9/19,rice,MidSenescence
278,131.4245925,46.94661093,2018/8/21,rice,Senescence
278,131.4245925,46.94661093,2018/10/15,rice,Dormancy
279,131.9843301,46.94257098,2018/6/10,rice,Greenup
279,131.9843301,46.94257098,2018/6/28,rice,MidGreenup
279,131.9843301,46.94257098,2018/8/4,rice,Peak
279,131.9843301,46.94257098,2018/7/20,rice,Maturity
279,131.9843301,46.94257098,2018/9/21,rice,MidSenescence
279,131.9843301,46.94257098,2018/8/23,rice,Senescence
279,131.9843301,46.94257098,2018/10/18,rice,Dormancy
280,130.6759362,46.96385873,2018/6/4,rice,Greenup
280,130.6759362,46.96385873,2018/6/22,rice,MidGreenup
280,130.6759362,46.96385873,2018/7/30,rice,Peak
280,130.6759362,46.96385873,2018/7/14,rice,Maturity
280,130.6759362,46.96385873,2018/9/16,rice,MidSenescence
280,130.6759362,46.96385873,2018/8/17,rice,Senescence
280,130.6759362,46.96385873,2018/10/19,rice,Dormancy
281,130.7368386,46.92532318,2018/6/5,rice,Greenup
281,130.7368386,46.92532318,2018/6/23,rice,MidGreenup
281,130.7368386,46.92532318,2018/7/31,rice,Peak
281,130.7368386,46.92532318,2018/7/15,rice,Maturity
281,130.7368386,46.92532318,2018/9/18,rice,MidSenescence
281,130.7368386,46.92532318,2018/8/18,rice,Senescence
281,130.7368386,46.92532318,2018/10/20,rice,Dormancy
282,132.8211116,46.94769003,2018/6/4,rice,Greenup
282,132.8211116,46.94769003,2018/6/24,rice,MidGreenup
282,132.8211116,46.94769003,2018/8/3,rice,Peak
282,132.8211116,46.94769003,2018/7/18,rice,Maturity
282,132.8211116,46.94769003,2018/9/22,rice,MidSenescence
282,132.8211116,46.94769003,2018/8/23,rice,Senescence
282,132.8211116,46.94769003,2018/10/19,rice,Dormancy
283,127.3247702,46.86118347,2018/6/5,rice,Greenup
283,127.3247702,46.86118347,2018/6/24,rice,MidGreenup
283,127.3247702,46.86118347,2018/8/3,rice,Peak
283,127.3247702,46.86118347,2018/7/18,rice,Maturity
283,127.3247702,46.86118347,2018/9/21,rice,MidSenescence
283,127.3247702,46.86118347,2018/8/22,rice,Senescence
283,127.3247702,46.86118347,2018/10/21,rice,Dormancy
284,127.3174929,46.83342557,2018/6/2,rice,Greenup
284,127.3174929,46.83342557,2018/6/22,rice,MidGreenup
284,127.3174929,46.83342557,2018/7/31,rice,Peak
284,127.3174929,46.83342557,2018/7/15,rice,Maturity
284,127.3174929,46.83342557,2018/9/20,rice,MidSenescence
284,127.3174929,46.83342557,2018/8/20,rice,Senescence
284,127.3174929,46.83342557,2018/10/19,rice,Dormancy
285,131.6595916,46.89244177,2018/6/9,rice,Greenup
285,131.6595916,46.89244177,2018/6/29,rice,MidGreenup
285,131.6595916,46.89244177,2018/8/8,rice,Peak
285,131.6595916,46.89244177,2018/7/23,rice,Maturity
285,131.6595916,46.89244177,2018/9/23,rice,MidSenescence
285,131.6595916,46.89244177,2018/8/26,rice,Senescence
285,131.6595916,46.89244177,2018/10/20,rice,Dormancy
286,131.811317,46.81806396,2018/6/4,rice,Greenup
286,131.811317,46.81806396,2018/6/24,rice,MidGreenup
286,131.811317,46.81806396,2018/8/3,rice,Peak
286,131.811317,46.81806396,2018/7/17,rice,Maturity
286,131.811317,46.81806396,2018/9/19,rice,MidSenescence
286,131.811317,46.81806396,2018/8/21,rice,Senescence
286,131.811317,46.81806396,2018/10/20,rice,Dormancy
287,131.2041435,46.86279767,2018/6/8,rice,Greenup
287,131.2041435,46.86279767,2018/6/27,rice,MidGreenup
287,131.2041435,46.86279767,2018/8/5,rice,Peak
287,131.2041435,46.86279767,2018/7/20,rice,Maturity
287,131.2041435,46.86279767,2018/9/23,rice,MidSenescence
287,131.2041435,46.86279767,2018/8/24,rice,Senescence
287,131.2041435,46.86279767,2018/10/23,rice,Dormancy
288,131.9724734,46.80620276,2018/6/3,rice,Greenup
288,131.9724734,46.80620276,2018/6/24,rice,MidGreenup
288,131.9724734,46.80620276,2018/8/5,rice,Peak
288,131.9724734,46.80620276,2018/7/18,rice,Maturity
288,131.9724734,46.80620276,2018/9/23,rice,MidSenescence
288,131.9724734,46.80620276,2018/8/24,rice,Senescence
288,131.9724734,46.80620276,2018/10/19,rice,Dormancy
289,130.564365,46.89055557,2018/6/7,rice,Greenup
289,130.564365,46.89055557,2018/6/25,rice,MidGreenup
289,130.564365,46.89055557,2018/8/2,rice,Peak
289,130.564365,46.89055557,2018/7/17,rice,Maturity
289,130.564365,46.89055557,2018/9/18,rice,MidSenescence
289,130.564365,46.89055557,2018/8/20,rice,Senescence
289,130.564365,46.89055557,2018/10/16,rice,Dormancy
290,130.6212275,46.83261401,2018/6/12,rice,Greenup
290,130.6212275,46.83261401,2018/6/30,rice,MidGreenup
290,130.6212275,46.83261401,2018/8/8,rice,Peak
290,130.6212275,46.83261401,2018/7/23,rice,Maturity
290,130.6212275,46.83261401,2018/9/26,rice,MidSenescence
290,130.6212275,46.83261401,2018/8/27,rice,Senescence
290,130.6212275,46.83261401,2018/10/29,rice,Dormancy
291,130.6128711,46.82318301,2018/6/10,rice,Greenup
291,130.6128711,46.82318301,2018/6/29,rice,MidGreenup
291,130.6128711,46.82318301,2018/8/6,rice,Peak
291,130.6128711,46.82318301,2018/7/21,rice,Maturity
291,130.6128711,46.82318301,2018/9/23,rice,MidSenescence
291,130.6128711,46.82318301,2018/8/24,rice,Senescence
291,130.6128711,46.82318301,2018/10/24,rice,Dormancy
292,133.1746871,46.87384732,2018/6/3,rice,Greenup
292,133.1746871,46.87384732,2018/6/25,rice,MidGreenup
292,133.1746871,46.87384732,2018/8/6,rice,Peak
292,133.1746871,46.87384732,2018/7/20,rice,Maturity
292,133.1746871,46.87384732,2018/9/27,rice,MidSenescence
292,133.1746871,46.87384732,2018/8/26,rice,Senescence
292,133.1746871,46.87384732,2018/10/23,rice,Dormancy
293,126.9633779,46.74799365,2018/6/5,rice,Greenup
293,126.9633779,46.74799365,2018/6/25,rice,MidGreenup
293,126.9633779,46.74799365,2018/8/4,rice,Peak
293,126.9633779,46.74799365,2018/7/18,rice,Maturity
293,126.9633779,46.74799365,2018/9/23,rice,MidSenescence
293,126.9633779,46.74799365,2018/8/24,rice,Senescence
293,126.9633779,46.74799365,2018/10/23,rice,Dormancy
294,131.5992243,46.78788031,2018/6/11,rice,Greenup
294,131.5992243,46.78788031,2018/6/29,rice,MidGreenup
294,131.5992243,46.78788031,2018/8/6,rice,Peak
294,131.5992243,46.78788031,2018/7/22,rice,Maturity
294,131.5992243,46.78788031,2018/9/22,rice,MidSenescence
294,131.5992243,46.78788031,2018/8/25,rice,Senescence
294,131.5992243,46.78788031,2018/10/18,rice,Dormancy
295,131.9541464,46.77386535,2018/5/31,rice,Greenup
295,131.9541464,46.77386535,2018/6/21,rice,MidGreenup
295,131.9541464,46.77386535,2018/8/1,rice,Peak
295,131.9541464,46.77386535,2018/7/15,rice,Maturity
295,131.9541464,46.77386535,2018/9/21,rice,MidSenescence
295,131.9541464,46.77386535,2018/8/21,rice,Senescence
295,131.9541464,46.77386535,2018/10/20,rice,Dormancy
296,132.8079082,46.6978689,2018/6/9,rice,Greenup
296,132.8079082,46.6978689,2018/6/29,rice,MidGreenup
296,132.8079082,46.6978689,2018/8/9,rice,Peak
296,132.8079082,46.6978689,2018/7/23,rice,Maturity
296,132.8079082,46.6978689,2018/9/23,rice,MidSenescence
296,132.8079082,46.6978689,2018/8/27,rice,Senescence
296,132.8079082,46.6978689,2018/10/16,rice,Dormancy
297,132.4271099,46.66633859,2018/6/7,rice,Greenup
297,132.4271099,46.66633859,2018/6/27,rice,MidGreenup
297,132.4271099,46.66633859,2018/8/8,rice,Peak
297,132.4271099,46.66633859,2018/7/22,rice,Maturity
297,132.4271099,46.66633859,2018/9/26,rice,MidSenescence
297,132.4271099,46.66633859,2018/8/28,rice,Senescence
297,132.4271099,46.66633859,2018/10/22,rice,Dormancy
298,132.8998058,46.67496249,2018/6/3,rice,Greenup
298,132.8998058,46.67496249,2018/6/25,rice,MidGreenup
298,132.8998058,46.67496249,2018/8/5,rice,Peak
298,132.8998058,46.67496249,2018/7/19,rice,Maturity
298,132.8998058,46.67496249,2018/9/22,rice,MidSenescence
298,132.8998058,46.67496249,2018/8/24,rice,Senescence
298,132.8998058,46.67496249,2018/10/16,rice,Dormancy
299,129.7990005,46.60489218,2018/6/5,rice,Greenup
299,129.7990005,46.60489218,2018/6/23,rice,MidGreenup
299,129.7990005,46.60489218,2018/8/1,rice,Peak
299,129.7990005,46.60489218,2018/7/16,rice,Maturity
299,129.7990005,46.60489218,2018/9/20,rice,MidSenescence
299,129.7990005,46.60489218,2018/8/20,rice,Senescence
299,129.7990005,46.60489218,2018/10/20,rice,Dormancy
300,126.6583085,46.61863513,2018/6/4,rice,Greenup
300,126.6583085,46.61863513,2018/6/23,rice,MidGreenup
300,126.6583085,46.61863513,2018/8/2,rice,Peak
300,126.6583085,46.61863513,2018/7/17,rice,Maturity
300,126.6583085,46.61863513,2018/9/18,rice,MidSenescence
300,126.6583085,46.61863513,2018/8/20,rice,Senescence
300,126.6583085,46.61863513,2018/10/14,rice,Dormancy
301,132.8653102,46.58009958,2018/6/4,rice,Greenup
301,132.8653102,46.58009958,2018/6/25,rice,MidGreenup
301,132.8653102,46.58009958,2018/8/5,rice,Peak
301,132.8653102,46.58009958,2018/7/19,rice,Maturity
301,132.8653102,46.58009958,2018/9/19,rice,MidSenescence
301,132.8653102,46.58009958,2018/8/23,rice,Senescence
301,132.8653102,46.58009958,2018/10/11,rice,Dormancy
302,132.6561829,46.57794137,2018/6/6,rice,Greenup
302,132.6561829,46.57794137,2018/6/27,rice,MidGreenup
302,132.6561829,46.57794137,2018/8/8,rice,Peak
302,132.6561829,46.57794137,2018/7/22,rice,Maturity
302,132.6561829,46.57794137,2018/9/26,rice,MidSenescence
302,132.6561829,46.57794137,2018/8/27,rice,Senescence
302,132.6561829,46.57794137,2018/10/21,rice,Dormancy
303,132.8968405,46.50086581,2018/6/6,rice,Greenup
303,132.8968405,46.50086581,2018/6/27,rice,MidGreenup
303,132.8968405,46.50086581,2018/8/8,rice,Peak
303,132.8968405,46.50086581,2018/7/22,rice,Maturity
303,132.8968405,46.50086581,2018/9/22,rice,MidSenescence
303,132.8968405,46.50086581,2018/8/27,rice,Senescence
303,132.8968405,46.50086581,2018/10/15,rice,Dormancy
304,132.7170853,46.3841756,2018/6/2,rice,Greenup
304,132.7170853,46.3841756,2018/6/23,rice,MidGreenup
304,132.7170853,46.3841756,2018/8/5,rice,Peak
304,132.7170853,46.3841756,2018/7/19,rice,Maturity
304,132.7170853,46.3841756,2018/9/26,rice,MidSenescence
304,132.7170853,46.3841756,2018/8/26,rice,Senescence
304,132.7170853,46.3841756,2018/10/23,rice,Dormancy
305,132.3505739,46.42648801,2018/6/7,rice,Greenup
305,132.3505739,46.42648801,2018/6/27,rice,MidGreenup
305,132.3505739,46.42648801,2018/8/7,rice,Peak
305,132.3505739,46.42648801,2018/7/21,rice,Maturity
305,132.3505739,46.42648801,2018/9/28,rice,MidSenescence
305,132.3505739,46.42648801,2018/8/28,rice,Senescence
305,132.3505739,46.42648801,2018/10/26,rice,Dormancy
306,130.028341,46.28230743,2018/6/4,rice,Greenup
306,130.028341,46.28230743,2018/6/25,rice,MidGreenup
306,130.028341,46.28230743,2018/8/6,rice,Peak
306,130.028341,46.28230743,2018/7/20,rice,Maturity
306,130.028341,46.28230743,2018/9/24,rice,MidSenescence
306,130.028341,46.28230743,2018/8/26,rice,Senescence
306,130.028341,46.28230743,2018/10/22,rice,Dormancy
307,127.8071646,46.28473318,2018/6/4,rice,Greenup
307,127.8071646,46.28473318,2018/6/22,rice,MidGreenup
307,127.8071646,46.28473318,2018/7/30,rice,Peak
307,127.8071646,46.28473318,2018/7/15,rice,Maturity
307,127.8071646,46.28473318,2018/9/14,rice,MidSenescence
307,127.8071646,46.28473318,2018/8/16,rice,Senescence
307,127.8071646,46.28473318,2018/10/12,rice,Dormancy
308,130.2315377,46.22948492,2018/6/6,rice,Greenup
308,130.2315377,46.22948492,2018/6/25,rice,MidGreenup
308,130.2315377,46.22948492,2018/8/1,rice,Peak
308,130.2315377,46.22948492,2018/7/17,rice,Maturity
308,130.2315377,46.22948492,2018/9/19,rice,MidSenescence
308,130.2315377,46.22948492,2018/8/19,rice,Senescence
308,130.2315377,46.22948492,2018/10/17,rice,Dormancy
309,124.125869,46.15699332,2018/6/9,rice,Greenup
309,124.125869,46.15699332,2018/6/29,rice,MidGreenup
309,124.125869,46.15699332,2018/8/7,rice,Peak
309,124.125869,46.15699332,2018/7/22,rice,Maturity
309,124.125869,46.15699332,2018/9/20,rice,MidSenescence
309,124.125869,46.15699332,2018/8/25,rice,Senescence
309,124.125869,46.15699332,2018/10/17,rice,Dormancy
310,130.2431269,46.096354,2018/6/8,rice,Greenup
310,130.2431269,46.096354,2018/6/27,rice,MidGreenup
310,130.2431269,46.096354,2018/8/4,rice,Peak
310,130.2431269,46.096354,2018/7/19,rice,Maturity
310,130.2431269,46.096354,2018/9/22,rice,MidSenescence
310,130.2431269,46.096354,2018/8/23,rice,Senescence
310,130.2431269,46.096354,2018/10/21,rice,Dormancy
311,128.7506658,46.01415939,2018/6/1,rice,Greenup
311,128.7506658,46.01415939,2018/6/22,rice,MidGreenup
311,128.7506658,46.01415939,2018/8/2,rice,Peak
311,128.7506658,46.01415939,2018/7/16,rice,Maturity
311,128.7506658,46.01415939,2018/9/20,rice,MidSenescence
311,128.7506658,46.01415939,2018/8/21,rice,Senescence
311,128.7506658,46.01415939,2018/10/20,rice,Dormancy
312,128.6873332,45.98963433,2018/6/5,rice,Greenup
312,128.6873332,45.98963433,2018/6/25,rice,MidGreenup
312,128.6873332,45.98963433,2018/8/3,rice,Peak
312,128.6873332,45.98963433,2018/7/18,rice,Maturity
312,128.6873332,45.98963433,2018/9/18,rice,MidSenescence
312,128.6873332,45.98963433,2018/8/21,rice,Senescence
312,128.6873332,45.98963433,2018/10/18,rice,Dormancy
313,127.342018,46.01793179,2018/6/14,rice,Greenup
313,127.342018,46.01793179,2018/7/4,rice,MidGreenup
313,127.342018,46.01793179,2018/8/13,rice,Peak
313,127.342018,46.01793179,2018/7/28,rice,Maturity
313,127.342018,46.01793179,2018/9/30,rice,MidSenescence
313,127.342018,46.01793179,2018/9/2,rice,Senescence
313,127.342018,46.01793179,2018/10/26,rice,Dormancy
314,132.9803818,46.01389184,2018/6/3,rice,Greenup
314,132.9803818,46.01389184,2018/6/25,rice,MidGreenup
314,132.9803818,46.01389184,2018/8/6,rice,Peak
314,132.9803818,46.01389184,2018/7/20,rice,Maturity
314,132.9803818,46.01389184,2018/9/27,rice,MidSenescence
314,132.9803818,46.01389184,2018/8/26,rice,Senescence
314,132.9803818,46.01389184,2018/10/24,rice,Dormancy
315,129.149519,46.0659028,2018/6/2,rice,Greenup
315,129.149519,46.0659028,2018/6/23,rice,MidGreenup
315,129.149519,46.0659028,2018/8/3,rice,Peak
315,129.149519,46.0659028,2018/7/17,rice,Maturity
315,129.149519,46.0659028,2018/9/23,rice,MidSenescence
315,129.149519,46.0659028,2018/8/22,rice,Senescence
315,129.149519,46.0659028,2018/10/24,rice,Dormancy
316,129.1406231,46.06078375,2018/6/1,rice,Greenup
316,129.1406231,46.06078375,2018/6/22,rice,MidGreenup
316,129.1406231,46.06078375,2018/8/2,rice,Peak
316,129.1406231,46.06078375,2018/7/16,rice,Maturity
316,129.1406231,46.06078375,2018/9/24,rice,MidSenescence
316,129.1406231,46.06078375,2018/8/22,rice,Senescence
316,129.1406231,46.06078375,2018/10/25,rice,Dormancy
317,133.3107834,45.94355398,2018/6/7,rice,Greenup
317,133.3107834,45.94355398,2018/6/28,rice,MidGreenup
317,133.3107834,45.94355398,2018/8/10,rice,Peak
317,133.3107834,45.94355398,2018/7/24,rice,Maturity
317,133.3107834,45.94355398,2018/9/26,rice,MidSenescence
317,133.3107834,45.94355398,2018/8/29,rice,Senescence
317,133.3107834,45.94355398,2018/10/23,rice,Dormancy
318,133.0515312,45.93600473,2018/6/3,rice,Greenup
318,133.0515312,45.93600473,2018/6/23,rice,MidGreenup
318,133.0515312,45.93600473,2018/8/5,rice,Peak
318,133.0515312,45.93600473,2018/7/18,rice,Maturity
318,133.0515312,45.93600473,2018/9/25,rice,MidSenescence
318,133.0515312,45.93600473,2018/8/25,rice,Senescence
318,133.0515312,45.93600473,2018/10/22,rice,Dormancy
319,129.1422418,45.95217789,2018/6/8,rice,Greenup
319,129.1422418,45.95217789,2018/6/27,rice,MidGreenup
319,129.1422418,45.95217789,2018/8/2,rice,Peak
319,129.1422418,45.95217789,2018/7/19,rice,Maturity
319,129.1422418,45.95217789,2018/9/14,rice,MidSenescence
319,129.1422418,45.95217789,2018/8/18,rice,Senescence
319,129.1422418,45.95217789,2018/10/16,rice,Dormancy
320,132.57587,45.73469415,2018/6/1,rice,Greenup
320,132.57587,45.73469415,2018/6/23,rice,MidGreenup
320,132.57587,45.73469415,2018/8/7,rice,Peak
320,132.57587,45.73469415,2018/7/20,rice,Maturity
320,132.57587,45.73469415,2018/9/29,rice,MidSenescence
320,132.57587,45.73469415,2018/8/28,rice,Senescence
320,132.57587,45.73469415,2018/10/25,rice,Dormancy
321,128.6425995,45.76110541,2018/6/6,rice,Greenup
321,128.6425995,45.76110541,2018/6/26,rice,MidGreenup
321,128.6425995,45.76110541,2018/8/4,rice,Peak
321,128.6425995,45.76110541,2018/7/19,rice,Maturity
321,128.6425995,45.76110541,2018/9/19,rice,MidSenescence
321,128.6425995,45.76110541,2018/8/22,rice,Senescence
321,128.6425995,45.76110541,2018/10/19,rice,Dormancy
322,132.6850154,45.738199,2018/6/4,rice,Greenup
322,132.6850154,45.738199,2018/6/26,rice,MidGreenup
322,132.6850154,45.738199,2018/8/9,rice,Peak
322,132.6850154,45.738199,2018/7/22,rice,Maturity
322,132.6850154,45.738199,2018/9/28,rice,MidSenescence
322,132.6850154,45.738199,2018/8/29,rice,Senescence
322,132.6850154,45.738199,2018/10/23,rice,Dormancy
323,133.2415246,45.74331805,2018/5/28,rice,Greenup
323,133.2415246,45.74331805,2018/6/20,rice,MidGreenup
323,133.2415246,45.74331805,2018/8/2,rice,Peak
323,133.2415246,45.74331805,2018/7/16,rice,Maturity
323,133.2415246,45.74331805,2018/9/23,rice,MidSenescence
323,133.2415246,45.74331805,2018/8/23,rice,Senescence
323,133.2415246,45.74331805,2018/10/19,rice,Dormancy
324,128.7148236,45.75410016,2018/6/1,rice,Greenup
324,128.7148236,45.75410016,2018/6/21,rice,MidGreenup
324,128.7148236,45.75410016,2018/7/31,rice,Peak
324,128.7148236,45.75410016,2018/7/15,rice,Maturity
324,128.7148236,45.75410016,2018/9/16,rice,MidSenescence
324,128.7148236,45.75410016,2018/8/18,rice,Senescence
324,128.7148236,45.75410016,2018/10/16,rice,Dormancy
325,127.0081116,45.67109399,2018/6/7,rice,Greenup
325,127.0081116,45.67109399,2018/6/27,rice,MidGreenup
325,127.0081116,45.67109399,2018/8/7,rice,Peak
325,127.0081116,45.67109399,2018/7/21,rice,Maturity
325,127.0081116,45.67109399,2018/9/27,rice,MidSenescence
325,127.0081116,45.67109399,2018/8/27,rice,Senescence
325,127.0081116,45.67109399,2018/10/25,rice,Dormancy
326,132.7661354,45.77026886,2018/6/3,rice,Greenup
326,132.7661354,45.77026886,2018/6/23,rice,MidGreenup
326,132.7661354,45.77026886,2018/8/3,rice,Peak
326,132.7661354,45.77026886,2018/7/17,rice,Maturity
326,132.7661354,45.77026886,2018/9/26,rice,MidSenescence
326,132.7661354,45.77026886,2018/8/24,rice,Senescence
326,132.7661354,45.77026886,2018/10/24,rice,Dormancy
327,128.7522845,45.61180578,2018/6/1,rice,Greenup
327,128.7522845,45.61180578,2018/6/23,rice,MidGreenup
327,128.7522845,45.61180578,2018/8/2,rice,Peak
327,128.7522845,45.61180578,2018/7/17,rice,Maturity
327,128.7522845,45.61180578,2018/9/20,rice,MidSenescence
327,128.7522845,45.61180578,2018/8/21,rice,Senescence
327,128.7522845,45.61180578,2018/10/19,rice,Dormancy
328,124.436325,45.54416122,2018/6/9,rice,Greenup
328,124.436325,45.54416122,2018/6/28,rice,MidGreenup
328,124.436325,45.54416122,2018/8/5,rice,Peak
328,124.436325,45.54416122,2018/7/20,rice,Maturity
328,124.436325,45.54416122,2018/9/18,rice,MidSenescence
328,124.436325,45.54416122,2018/8/22,rice,Senescence
328,124.436325,45.54416122,2018/10/14,rice,Dormancy
329,132.8733946,45.67028689,2018/6/4,rice,Greenup
329,132.8733946,45.67028689,2018/6/26,rice,MidGreenup
329,132.8733946,45.67028689,2018/8/7,rice,Peak
329,132.8733946,45.67028689,2018/7/21,rice,Maturity
329,132.8733946,45.67028689,2018/9/28,rice,MidSenescence
329,132.8733946,45.67028689,2018/8/28,rice,Senescence
329,132.8733946,45.67028689,2018/10/24,rice,Dormancy
330,132.6704654,45.67109399,2018/6/9,rice,Greenup
330,132.6704654,45.67109399,2018/7/2,rice,MidGreenup
330,132.6704654,45.67109399,2018/8/12,rice,Peak
330,132.6704654,45.67109399,2018/7/26,rice,Maturity
330,132.6704654,45.67109399,2018/9/29,rice,MidSenescence
330,132.6704654,45.67109399,2018/8/31,rice,Senescence
330,132.6704654,45.67109399,2018/10/25,rice,Dormancy
331,132.0395784,45.61477109,2018/6/7,rice,Greenup
331,132.0395784,45.61477109,2018/6/27,rice,MidGreenup
331,132.0395784,45.61477109,2018/8/6,rice,Peak
331,132.0395784,45.61477109,2018/7/21,rice,Maturity
331,132.0395784,45.61477109,2018/9/26,rice,MidSenescence
331,132.0395784,45.61477109,2018/8/26,rice,Senescence
331,132.0395784,45.61477109,2018/10/23,rice,Dormancy
332,128.8013301,45.59859793,2018/5/11,rice,Greenup
332,128.8013301,45.59859793,2018/6/7,rice,MidGreenup
332,128.8013301,45.59859793,2018/7/29,rice,Peak
332,128.8013301,45.59859793,2018/7/10,rice,Maturity
332,128.8013301,45.59859793,2018/9/17,rice,MidSenescence
332,128.8013301,45.59859793,2018/8/18,rice,Senescence
332,128.8013301,45.59859793,2018/10/16,rice,Dormancy
333,125.4202524,45.53068582,2018/6/5,rice,Greenup
333,125.4202524,45.53068582,2018/6/26,rice,MidGreenup
333,125.4202524,45.53068582,2018/8/5,rice,Peak
333,125.4202524,45.53068582,2018/7/20,rice,Maturity
333,125.4202524,45.53068582,2018/9/24,rice,MidSenescence
333,125.4202524,45.53068582,2018/8/25,rice,Senescence
333,125.4202524,45.53068582,2018/10/23,rice,Dormancy
334,132.7890418,45.53203247,2018/6/8,rice,Greenup
334,132.7890418,45.53203247,2018/6/29,rice,MidGreenup
334,132.7890418,45.53203247,2018/8/8,rice,Peak
334,132.7890418,45.53203247,2018/7/23,rice,Maturity
334,132.7890418,45.53203247,2018/9/29,rice,MidSenescence
334,132.7890418,45.53203247,2018/8/29,rice,Senescence
334,132.7890418,45.53203247,2018/10/25,rice,Dormancy
335,132.0231377,45.59671173,2018/6/9,rice,Greenup
335,132.0231377,45.59671173,2018/6/29,rice,MidGreenup
335,132.0231377,45.59671173,2018/8/7,rice,Peak
335,132.0231377,45.59671173,2018/7/22,rice,Maturity
335,132.0231377,45.59671173,2018/9/25,rice,MidSenescence
335,132.0231377,45.59671173,2018/8/26,rice,Senescence
335,132.0231377,45.59671173,2018/10/23,rice,Dormancy
336,132.8682711,45.52879962,2018/6/5,rice,Greenup
336,132.8682711,45.52879962,2018/6/27,rice,MidGreenup
336,132.8682711,45.52879962,2018/8/7,rice,Peak
336,132.8682711,45.52879962,2018/7/22,rice,Maturity
336,132.8682711,45.52879962,2018/9/25,rice,MidSenescence
336,132.8682711,45.52879962,2018/8/26,rice,Senescence
336,132.8682711,45.52879962,2018/10/22,rice,Dormancy
337,131.9775924,45.50939807,2018/6/9,rice,Greenup
337,131.9775924,45.50939807,2018/6/29,rice,MidGreenup
337,131.9775924,45.50939807,2018/8/7,rice,Peak
337,131.9775924,45.50939807,2018/7/22,rice,Maturity
337,131.9775924,45.50939807,2018/9/24,rice,MidSenescence
337,131.9775924,45.50939807,2018/8/25,rice,Senescence
337,131.9775924,45.50939807,2018/10/22,rice,Dormancy
338,128.7913596,45.47274426,2018/5/30,rice,Greenup
338,128.7913596,45.47274426,2018/6/22,rice,MidGreenup
338,128.7913596,45.47274426,2018/8/4,rice,Peak
338,128.7913596,45.47274426,2018/7/17,rice,Maturity
338,128.7913596,45.47274426,2018/9/21,rice,MidSenescence
338,128.7913596,45.47274426,2018/8/22,rice,Senescence
338,128.7913596,45.47274426,2018/10/20,rice,Dormancy
339,131.7698117,45.45926886,2018/6/11,rice,Greenup
339,131.7698117,45.45926886,2018/6/30,rice,MidGreenup
339,131.7698117,45.45926886,2018/8/7,rice,Peak
339,131.7698117,45.45926886,2018/7/22,rice,Maturity
339,131.7698117,45.45926886,2018/9/24,rice,MidSenescence
339,131.7698117,45.45926886,2018/8/25,rice,Senescence
339,131.7698117,45.45926886,2018/10/22,rice,Dormancy
340,132.6648068,45.44957031,2018/6/12,rice,Greenup
340,132.6648068,45.44957031,2018/7/3,rice,MidGreenup
340,132.6648068,45.44957031,2018/8/13,rice,Peak
340,132.6648068,45.44957031,2018/7/28,rice,Maturity
340,132.6648068,45.44957031,2018/10/4,rice,MidSenescence
340,132.6648068,45.44957031,2018/9/2,rice,Senescence
340,132.6648068,45.44957031,2018/10/31,rice,Dormancy
341,132.6418959,45.43717401,2018/6/12,rice,Greenup
341,132.6418959,45.43717401,2018/7/3,rice,MidGreenup
341,132.6418959,45.43717401,2018/8/13,rice,Peak
341,132.6418959,45.43717401,2018/7/27,rice,Maturity
341,132.6418959,45.43717401,2018/10/3,rice,MidSenescence
341,132.6418959,45.43717401,2018/9/3,rice,Senescence
341,132.6418959,45.43717401,2018/10/30,rice,Dormancy
342,128.1219326,45.39728735,2018/6/7,rice,Greenup
342,128.1219326,45.39728735,2018/6/28,rice,MidGreenup
342,128.1219326,45.39728735,2018/8/6,rice,Peak
342,128.1219326,45.39728735,2018/7/21,rice,Maturity
342,128.1219326,45.39728735,2018/9/21,rice,MidSenescence
342,128.1219326,45.39728735,2018/8/24,rice,Senescence
342,128.1219326,45.39728735,2018/10/14,rice,Dormancy
343,128.2852472,45.3997131,2018/6/2,rice,Greenup
343,128.2852472,45.3997131,2018/6/22,rice,MidGreenup
343,128.2852472,45.3997131,2018/8/1,rice,Peak
343,128.2852472,45.3997131,2018/7/16,rice,Maturity
343,128.2852472,45.3997131,2018/9/18,rice,MidSenescence
343,128.2852472,45.3997131,2018/8/19,rice,Senescence
343,128.2852472,45.3997131,2018/10/19,rice,Dormancy
344,132.222834,45.36036599,2018/6/9,rice,Greenup
344,132.222834,45.36036599,2018/7/3,rice,MidGreenup
344,132.222834,45.36036599,2018/8/14,rice,Peak
344,132.222834,45.36036599,2018/7/28,rice,Maturity
344,132.222834,45.36036599,2018/10/4,rice,MidSenescence
344,132.222834,45.36036599,2018/9/4,rice,Senescence
344,132.222834,45.36036599,2018/10/30,rice,Dormancy
345,131.7943367,45.35362829,2018/6/11,rice,Greenup
345,131.7943367,45.35362829,2018/6/29,rice,MidGreenup
345,131.7943367,45.35362829,2018/8/7,rice,Peak
345,131.7943367,45.35362829,2018/7/22,rice,Maturity
345,131.7943367,45.35362829,2018/9/25,rice,MidSenescence
345,131.7943367,45.35362829,2018/8/26,rice,Senescence
345,131.7943367,45.35362829,2018/10/21,rice,Dormancy
346,132.8601867,45.51343801,2018/6/7,rice,Greenup
346,132.8601867,45.51343801,2018/6/28,rice,MidGreenup
346,132.8601867,45.51343801,2018/8/8,rice,Peak
346,132.8601867,45.51343801,2018/7/22,rice,Maturity
346,132.8601867,45.51343801,2018/9/26,rice,MidSenescence
346,132.8601867,45.51343801,2018/8/27,rice,Senescence
346,132.8601867,45.51343801,2018/10/23,rice,Dormancy
347,133.0094864,45.27789938,2018/6/12,rice,Greenup
347,133.0094864,45.27789938,2018/6/30,rice,MidGreenup
347,133.0094864,45.27789938,2018/8/9,rice,Peak
347,133.0094864,45.27789938,2018/7/23,rice,Maturity
347,133.0094864,45.27789938,2018/10/1,rice,MidSenescence
347,133.0094864,45.27789938,2018/8/30,rice,Senescence
347,133.0094864,45.27789938,2018/10/29,rice,Dormancy
348,131.5261887,45.30970169,2018/6/6,rice,Greenup
348,131.5261887,45.30970169,2018/6/26,rice,MidGreenup
348,131.5261887,45.30970169,2018/8/4,rice,Peak
348,131.5261887,45.30970169,2018/7/19,rice,Maturity
348,131.5261887,45.30970169,2018/9/20,rice,MidSenescence
348,131.5261887,45.30970169,2018/8/22,rice,Senescence
348,131.5261887,45.30970169,2018/10/19,rice,Dormancy
349,132.8189534,45.28598373,2018/6/11,rice,Greenup
349,132.8189534,45.28598373,2018/6/30,rice,MidGreenup
349,132.8189534,45.28598373,2018/8/10,rice,Peak
349,132.8189534,45.28598373,2018/7/24,rice,Maturity
349,132.8189534,45.28598373,2018/9/28,rice,MidSenescence
349,132.8189534,45.28598373,2018/8/30,rice,Senescence
349,132.8189534,45.28598373,2018/10/23,rice,Dormancy
350,131.3989884,45.23505188,2018/6/7,rice,Greenup
350,131.3989884,45.23505188,2018/6/27,rice,MidGreenup
350,131.3989884,45.23505188,2018/8/5,rice,Peak
350,131.3989884,45.23505188,2018/7/20,rice,Maturity
350,131.3989884,45.23505188,2018/9/19,rice,MidSenescence
350,131.3989884,45.23505188,2018/8/23,rice,Senescence
350,131.3989884,45.23505188,2018/10/15,rice,Dormancy
351,126.9946406,45.0916784,2018/6/4,rice,Greenup
351,126.9946406,45.0916784,2018/6/24,rice,MidGreenup
351,126.9946406,45.0916784,2018/8/5,rice,Peak
351,126.9946406,45.0916784,2018/7/19,rice,Maturity
351,126.9946406,45.0916784,2018/9/23,rice,MidSenescence
351,126.9946406,45.0916784,2018/8/24,rice,Senescence
351,126.9946406,45.0916784,2018/10/18,rice,Dormancy
352,127.0784494,44.98388409,2018/6/6,rice,Greenup
352,127.0784494,44.98388409,2018/6/25,rice,MidGreenup
352,127.0784494,44.98388409,2018/8/5,rice,Peak
352,127.0784494,44.98388409,2018/7/19,rice,Maturity
352,127.0784494,44.98388409,2018/9/20,rice,MidSenescence
352,127.0784494,44.98388409,2018/8/24,rice,Senescence
352,127.0784494,44.98388409,2018/10/13,rice,Dormancy
353,132.8984547,45.22049737,2018/6/14,rice,Greenup
353,132.8984547,45.22049737,2018/7/2,rice,MidGreenup
353,132.8984547,45.22049737,2018/8/8,rice,Peak
353,132.8984547,45.22049737,2018/7/23,rice,Maturity
353,132.8984547,45.22049737,2018/9/30,rice,MidSenescence
353,132.8984547,45.22049737,2018/8/29,rice,Senescence
353,132.8984547,45.22049737,2018/10/28,rice,Dormancy
354,131.3720376,45.22454178,2018/6/8,rice,Greenup
354,131.3720376,45.22454178,2018/6/27,rice,MidGreenup
354,131.3720376,45.22454178,2018/8/5,rice,Peak
354,131.3720376,45.22454178,2018/7/20,rice,Maturity
354,131.3720376,45.22454178,2018/9/20,rice,MidSenescence
354,131.3720376,45.22454178,2018/8/23,rice,Senescence
354,131.3720376,45.22454178,2018/10/18,rice,Dormancy
355,127.5791708,45.00651849,2018/6/4,rice,Greenup
355,127.5791708,45.00651849,2018/6/25,rice,MidGreenup
355,127.5791708,45.00651849,2018/8/4,rice,Peak
355,127.5791708,45.00651849,2018/7/19,rice,Maturity
355,127.5791708,45.00651849,2018/9/17,rice,MidSenescence
355,127.5791708,45.00651849,2018/8/22,rice,Senescence
355,127.5791708,45.00651849,2018/10/11,rice,Dormancy
356,127.2703335,45.04101409,2018/6/7,rice,Greenup
356,127.2703335,45.04101409,2018/6/27,rice,MidGreenup
356,127.2703335,45.04101409,2018/8/5,rice,Peak
356,127.2703335,45.04101409,2018/7/21,rice,Maturity
356,127.2703335,45.04101409,2018/9/20,rice,MidSenescence
356,127.2703335,45.04101409,2018/8/24,rice,Senescence
356,127.2703335,45.04101409,2018/10/13,rice,Dormancy
357,127.2816507,45.02942489,2018/6/5,rice,Greenup
357,127.2816507,45.02942489,2018/6/26,rice,MidGreenup
357,127.2816507,45.02942489,2018/8/5,rice,Peak
357,127.2816507,45.02942489,2018/7/20,rice,Maturity
357,127.2816507,45.02942489,2018/9/18,rice,MidSenescence
357,127.2816507,45.02942489,2018/8/23,rice,Senescence
357,127.2816507,45.02942489,2018/10/10,rice,Dormancy
358,127.0372206,45.0372417,2018/6/7,rice,Greenup
358,127.0372206,45.0372417,2018/6/26,rice,MidGreenup
358,127.0372206,45.0372417,2018/8/5,rice,Peak
358,127.0372206,45.0372417,2018/7/20,rice,Maturity
358,127.0372206,45.0372417,2018/9/18,rice,MidSenescence
358,127.0372206,45.0372417,2018/8/23,rice,Senescence
358,127.0372206,45.0372417,2018/10/10,rice,Dormancy
359,127.5368628,44.93456643,2018/6/5,rice,Greenup
359,127.5368628,44.93456643,2018/6/25,rice,MidGreenup
359,127.5368628,44.93456643,2018/8/3,rice,Peak
359,127.5368628,44.93456643,2018/7/18,rice,Maturity
359,127.5368628,44.93456643,2018/9/19,rice,MidSenescence
359,127.5368628,44.93456643,2018/8/22,rice,Senescence
359,127.5368628,44.93456643,2018/10/13,rice,Dormancy
360,134.2521263,48.10139771,2018/6/9,rice,Greenup
360,134.2521263,48.10139771,2018/6/29,rice,MidGreenup
360,134.2521263,48.10139771,2018/8/8,rice,Peak
360,134.2521263,48.10139771,2018/7/23,rice,Maturity
360,134.2521263,48.10139771,2018/9/26,rice,MidSenescence
360,134.2521263,48.10139771,2018/8/27,rice,Senescence
360,134.2521263,48.10139771,2018/10/24,rice,Dormancy
361,134.4607186,48.13966571,2018/6/7,rice,Greenup
361,134.4607186,48.13966571,2018/6/27,rice,MidGreenup
361,134.4607186,48.13966571,2018/8/9,rice,Peak
361,134.4607186,48.13966571,2018/7/23,rice,Maturity
361,134.4607186,48.13966571,2018/9/29,rice,MidSenescence
361,134.4607186,48.13966571,2018/8/30,rice,Senescence
361,134.4607186,48.13966571,2018/10/27,rice,Dormancy
362,133.469514,48.01704489,2018/6/3,rice,Greenup
362,133.469514,48.01704489,2018/6/23,rice,MidGreenup
362,133.469514,48.01704489,2018/8/4,rice,Peak
362,133.469514,48.01704489,2018/7/17,rice,Maturity
362,133.469514,48.01704489,2018/9/27,rice,MidSenescence
362,133.469514,48.01704489,2018/8/25,rice,Senescence
362,133.469514,48.01704489,2018/10/25,rice,Dormancy
363,133.622858,48.01542624,2018/5/23,rice,Greenup
363,133.622858,48.01542624,2018/6/20,rice,MidGreenup
363,133.622858,48.01542624,2018/8/6,rice,Peak
363,133.622858,48.01542624,2018/7/19,rice,Maturity
363,133.622858,48.01542624,2018/9/28,rice,MidSenescence
363,133.622858,48.01542624,2018/8/28,rice,Senescence
363,133.622858,48.01542624,2018/10/25,rice,Dormancy
364,134.2736861,48.00141128,2018/6/3,rice,Greenup
364,134.2736861,48.00141128,2018/6/25,rice,MidGreenup
364,134.2736861,48.00141128,2018/8/6,rice,Peak
364,134.2736861,48.00141128,2018/7/20,rice,Maturity
364,134.2736861,48.00141128,2018/9/25,rice,MidSenescence
364,134.2736861,48.00141128,2018/8/25,rice,Senescence
364,134.2736861,48.00141128,2018/10/23,rice,Dormancy
365,133.9586461,48.01407959,2018/6/5,rice,Greenup
365,133.9586461,48.01407959,2018/6/25,rice,MidGreenup
365,133.9586461,48.01407959,2018/8/4,rice,Peak
365,133.9586461,48.01407959,2018/7/18,rice,Maturity
365,133.9586461,48.01407959,2018/9/25,rice,MidSenescence
365,133.9586461,48.01407959,2018/8/25,rice,Senescence
365,133.9586461,48.01407959,2018/10/25,rice,Dormancy
366,134.129238,48.07983795,2018/6/9,rice,Greenup
366,134.129238,48.07983795,2018/6/29,rice,MidGreenup
366,134.129238,48.07983795,2018/8/9,rice,Peak
366,134.129238,48.07983795,2018/7/23,rice,Maturity
366,134.129238,48.07983795,2018/9/28,rice,MidSenescence
366,134.129238,48.07983795,2018/8/28,rice,Senescence
366,134.129238,48.07983795,2018/10/27,rice,Dormancy
367,133.3156349,47.97419293,2018/6/5,rice,Greenup
367,133.3156349,47.97419293,2018/6/24,rice,MidGreenup
367,133.3156349,47.97419293,2018/8/3,rice,Peak
367,133.3156349,47.97419293,2018/7/18,rice,Maturity
367,133.3156349,47.97419293,2018/9/26,rice,MidSenescence
367,133.3156349,47.97419293,2018/8/24,rice,Senescence
367,133.3156349,47.97419293,2018/10/25,rice,Dormancy
368,133.2593119,47.93538537,2018/6/4,rice,Greenup
368,133.2593119,47.93538537,2018/6/24,rice,MidGreenup
368,133.2593119,47.93538537,2018/8/4,rice,Peak
368,133.2593119,47.93538537,2018/7/18,rice,Maturity
368,133.2593119,47.93538537,2018/9/25,rice,MidSenescence
368,133.2593119,47.93538537,2018/8/24,rice,Senescence
368,133.2593119,47.93538537,2018/10/25,rice,Dormancy
369,133.2523022,47.90816702,2018/6/4,rice,Greenup
369,133.2523022,47.90816702,2018/6/24,rice,MidGreenup
369,133.2523022,47.90816702,2018/8/4,rice,Peak
369,133.2523022,47.90816702,2018/7/18,rice,Maturity
369,133.2523022,47.90816702,2018/9/24,rice,MidSenescence
369,133.2523022,47.90816702,2018/8/25,rice,Senescence
369,133.2523022,47.90816702,2018/10/23,rice,Dormancy
370,133.2054103,47.90682037,2018/5/31,rice,Greenup
370,133.2054103,47.90682037,2018/6/20,rice,MidGreenup
370,133.2054103,47.90682037,2018/7/31,rice,Peak
370,133.2054103,47.90682037,2018/7/14,rice,Maturity
370,133.2054103,47.90682037,2018/9/22,rice,MidSenescence
370,133.2054103,47.90682037,2018/8/21,rice,Senescence
370,133.2054103,47.90682037,2018/10/22,rice,Dormancy
371,133.8123118,47.96556903,2018/6/1,rice,Greenup
371,133.8123118,47.96556903,2018/6/22,rice,MidGreenup
371,133.8123118,47.96556903,2018/8/4,rice,Peak
371,133.8123118,47.96556903,2018/7/17,rice,Maturity
371,133.8123118,47.96556903,2018/9/27,rice,MidSenescence
371,133.8123118,47.96556903,2018/8/25,rice,Senescence
371,133.8123118,47.96556903,2018/10/25,rice,Dormancy
372,133.7985689,47.94454883,2018/6/6,rice,Greenup
372,133.7985689,47.94454883,2018/6/26,rice,MidGreenup
372,133.7985689,47.94454883,2018/8/5,rice,Peak
372,133.7985689,47.94454883,2018/7/20,rice,Maturity
372,133.7985689,47.94454883,2018/9/23,rice,MidSenescence
372,133.7985689,47.94454883,2018/8/24,rice,Senescence
372,133.7985689,47.94454883,2018/10/21,rice,Dormancy
373,133.7433206,47.91247897,2018/6/3,rice,Greenup
373,133.7433206,47.91247897,2018/6/22,rice,MidGreenup
373,133.7433206,47.91247897,2018/8/2,rice,Peak
373,133.7433206,47.91247897,2018/7/16,rice,Maturity
373,133.7433206,47.91247897,2018/9/22,rice,MidSenescence
373,133.7433206,47.91247897,2018/8/22,rice,Senescence
373,133.7433206,47.91247897,2018/10/21,rice,Dormancy
374,134.4227182,47.86100757,2018/6/10,rice,Greenup
374,134.4227182,47.86100757,2018/6/29,rice,MidGreenup
374,134.4227182,47.86100757,2018/8/8,rice,Peak
374,134.4227182,47.86100757,2018/7/22,rice,Maturity
374,134.4227182,47.86100757,2018/9/27,rice,MidSenescence
374,134.4227182,47.86100757,2018/8/27,rice,Senescence
374,134.4227182,47.86100757,2018/10/26,rice,Dormancy
375,133.5589858,47.83756162,2018/6/4,rice,Greenup
375,133.5589858,47.83756162,2018/6/25,rice,MidGreenup
375,133.5589858,47.83756162,2018/8/7,rice,Peak
375,133.5589858,47.83756162,2018/7/20,rice,Maturity
375,133.5589858,47.83756162,2018/9/26,rice,MidSenescence
375,133.5589858,47.83756162,2018/8/27,rice,Senescence
375,133.5589858,47.83756162,2018/10/24,rice,Dormancy
376,133.5641093,47.7340748,2018/5/24,rice,Greenup
376,133.5641093,47.7340748,2018/6/18,rice,MidGreenup
376,133.5641093,47.7340748,2018/8/4,rice,Peak
376,133.5641093,47.7340748,2018/7/16,rice,Maturity
376,133.5641093,47.7340748,2018/10/1,rice,MidSenescence
376,133.5641093,47.7340748,2018/8/28,rice,Senescence
376,133.5641093,47.7340748,2018/10/29,rice,Dormancy
377,134.5140762,47.72005984,2018/6/11,rice,Greenup
377,134.5140762,47.72005984,2018/6/30,rice,MidGreenup
377,134.5140762,47.72005984,2018/8/9,rice,Peak
377,134.5140762,47.72005984,2018/7/24,rice,Maturity
377,134.5140762,47.72005984,2018/9/29,rice,MidSenescence
377,134.5140762,47.72005984,2018/8/29,rice,Senescence
377,134.5140762,47.72005984,2018/10/26,rice,Dormancy
378,133.3129371,47.7798876,2018/6/6,rice,Greenup
378,133.3129371,47.7798876,2018/6/24,rice,MidGreenup
378,133.3129371,47.7798876,2018/8/4,rice,Peak
378,133.3129371,47.7798876,2018/7/18,rice,Maturity
378,133.3129371,47.7798876,2018/9/23,rice,MidSenescence
378,133.3129371,47.7798876,2018/8/24,rice,Senescence
378,133.3129371,47.7798876,2018/10/22,rice,Dormancy
379,133.446068,47.79578876,2018/6/7,rice,Greenup
379,133.446068,47.79578876,2018/6/27,rice,MidGreenup
379,133.446068,47.79578876,2018/8/7,rice,Peak
379,133.446068,47.79578876,2018/7/21,rice,Maturity
379,133.446068,47.79578876,2018/9/26,rice,MidSenescence
379,133.446068,47.79578876,2018/8/27,rice,Senescence
379,133.446068,47.79578876,2018/10/25,rice,Dormancy
380,133.9001695,47.79390256,2018/6/9,rice,Greenup
380,133.9001695,47.79390256,2018/6/29,rice,MidGreenup
380,133.9001695,47.79390256,2018/8/9,rice,Peak
380,133.9001695,47.79390256,2018/7/23,rice,Maturity
380,133.9001695,47.79390256,2018/9/26,rice,MidSenescence
380,133.9001695,47.79390256,2018/8/28,rice,Senescence
380,133.9001695,47.79390256,2018/10/24,rice,Dormancy
381,132.9884662,47.63058798,2018/6/2,rice,Greenup
381,132.9884662,47.63058798,2018/6/22,rice,MidGreenup
381,132.9884662,47.63058798,2018/8/3,rice,Peak
381,132.9884662,47.63058798,2018/7/16,rice,Maturity
381,132.9884662,47.63058798,2018/9/23,rice,MidSenescence
381,132.9884662,47.63058798,2018/8/23,rice,Senescence
381,132.9884662,47.63058798,2018/10/20,rice,Dormancy
382,132.6534851,47.6826034,2018/6/7,rice,Greenup
382,132.6534851,47.6826034,2018/6/28,rice,MidGreenup
382,132.6534851,47.6826034,2018/8/9,rice,Peak
382,132.6534851,47.6826034,2018/7/23,rice,Maturity
382,132.6534851,47.6826034,2018/9/27,rice,MidSenescence
382,132.6534851,47.6826034,2018/8/29,rice,Senescence
382,132.6534851,47.6826034,2018/10/27,rice,Dormancy
383,132.9553217,47.64271674,2018/6/1,rice,Greenup
383,132.9553217,47.64271674,2018/6/22,rice,MidGreenup
383,132.9553217,47.64271674,2018/8/4,rice,Peak
383,132.9553217,47.64271674,2018/7/17,rice,Maturity
383,132.9553217,47.64271674,2018/9/21,rice,MidSenescence
383,132.9553217,47.64271674,2018/8/23,rice,Senescence
383,132.9553217,47.64271674,2018/10/17,rice,Dormancy
384,133.9793988,47.62681558,2018/6/4,rice,Greenup
384,133.9793988,47.62681558,2018/6/26,rice,MidGreenup
384,133.9793988,47.62681558,2018/8/6,rice,Peak
384,133.9793988,47.62681558,2018/7/20,rice,Maturity
384,133.9793988,47.62681558,2018/9/25,rice,MidSenescence
384,133.9793988,47.62681558,2018/8/26,rice,Senescence
384,133.9793988,47.62681558,2018/10/22,rice,Dormancy
385,133.4856871,47.66023209,2018/6/3,rice,Greenup
385,133.4856871,47.66023209,2018/6/23,rice,MidGreenup
385,133.4856871,47.66023209,2018/8/4,rice,Peak
385,133.4856871,47.66023209,2018/7/17,rice,Maturity
385,133.4856871,47.66023209,2018/9/26,rice,MidSenescence
385,133.4856871,47.66023209,2018/8/24,rice,Senescence
385,133.4856871,47.66023209,2018/10/25,rice,Dormancy
386,133.3194073,47.63759769,2018/6/4,rice,Greenup
386,133.3194073,47.63759769,2018/6/25,rice,MidGreenup
386,133.3194073,47.63759769,2018/8/4,rice,Peak
386,133.3194073,47.63759769,2018/7/19,rice,Maturity
386,133.3194073,47.63759769,2018/9/25,rice,MidSenescence
386,133.3194073,47.63759769,2018/8/24,rice,Senescence
386,133.3194073,47.63759769,2018/10/24,rice,Dormancy
387,133.5592578,47.66427649,2018/6/4,rice,Greenup
387,133.5592578,47.66427649,2018/6/23,rice,MidGreenup
387,133.5592578,47.66427649,2018/8/3,rice,Peak
387,133.5592578,47.66427649,2018/7/17,rice,Maturity
387,133.5592578,47.66427649,2018/9/24,rice,MidSenescence
387,133.5592578,47.66427649,2018/8/23,rice,Senescence
387,133.5592578,47.66427649,2018/10/24,rice,Dormancy
388,131.3264968,47.59393863,2018/6/1,rice,Greenup
388,131.3264968,47.59393863,2018/6/22,rice,MidGreenup
388,131.3264968,47.59393863,2018/8/3,rice,Peak
388,131.3264968,47.59393863,2018/7/17,rice,Maturity
388,131.3264968,47.59393863,2018/9/22,rice,MidSenescence
388,131.3264968,47.59393863,2018/8/23,rice,Senescence
388,131.3264968,47.59393863,2018/10/20,rice,Dormancy
389,132.9113906,47.59932522,2018/6/4,rice,Greenup
389,132.9113906,47.59932522,2018/6/24,rice,MidGreenup
389,132.9113906,47.59932522,2018/8/6,rice,Peak
389,132.9113906,47.59932522,2018/7/19,rice,Maturity
389,132.9113906,47.59932522,2018/9/24,rice,MidSenescence
389,132.9113906,47.59932522,2018/8/26,rice,Senescence
389,132.9113906,47.59932522,2018/10/21,rice,Dormancy
390,133.0032882,47.61010733,2018/6/4,rice,Greenup
390,133.0032882,47.61010733,2018/6/23,rice,MidGreenup
390,133.0032882,47.61010733,2018/8/4,rice,Peak
390,133.0032882,47.61010733,2018/7/17,rice,Maturity
390,133.0032882,47.61010733,2018/9/24,rice,MidSenescence
390,133.0032882,47.61010733,2018/8/25,rice,Senescence
390,133.0032882,47.61010733,2018/10/22,rice,Dormancy
391,133.0615018,47.54920047,2018/6/3,rice,Greenup
391,133.0615018,47.54920047,2018/6/23,rice,MidGreenup
391,133.0615018,47.54920047,2018/8/3,rice,Peak
391,133.0615018,47.54920047,2018/7/16,rice,Maturity
391,133.0615018,47.54920047,2018/9/25,rice,MidSenescence
391,133.0615018,47.54920047,2018/8/24,rice,Senescence
391,133.0615018,47.54920047,2018/10/25,rice,Dormancy
392,134.1319313,47.55027957,2018/6/8,rice,Greenup
392,134.1319313,47.55027957,2018/6/28,rice,MidGreenup
392,134.1319313,47.55027957,2018/8/9,rice,Peak
392,134.1319313,47.55027957,2018/7/23,rice,Maturity
392,134.1319313,47.55027957,2018/9/24,rice,MidSenescence
392,134.1319313,47.55027957,2018/8/27,rice,Senescence
392,134.1319313,47.55027957,2018/10/20,rice,Dormancy
393,133.7861726,47.56672028,2018/6/4,rice,Greenup
393,133.7861726,47.56672028,2018/6/23,rice,MidGreenup
393,133.7861726,47.56672028,2018/8/3,rice,Peak
393,133.7861726,47.56672028,2018/7/17,rice,Maturity
393,133.7861726,47.56672028,2018/9/22,rice,MidSenescence
393,133.7861726,47.56672028,2018/8/22,rice,Senescence
393,133.7861726,47.56672028,2018/10/22,rice,Dormancy
394,132.1031785,47.61873123,2018/6/2,rice,Greenup
394,132.1031785,47.61873123,2018/6/22,rice,MidGreenup
394,132.1031785,47.61873123,2018/8/2,rice,Peak
394,132.1031785,47.61873123,2018/7/16,rice,Maturity
394,132.1031785,47.61873123,2018/9/23,rice,MidSenescence
394,132.1031785,47.61873123,2018/8/23,rice,Senescence
394,132.1031785,47.61873123,2018/10/21,rice,Dormancy
395,133.9446356,47.62385028,2018/6/5,rice,Greenup
395,133.9446356,47.62385028,2018/6/25,rice,MidGreenup
395,133.9446356,47.62385028,2018/8/5,rice,Peak
395,133.9446356,47.62385028,2018/7/19,rice,Maturity
395,133.9446356,47.62385028,2018/9/25,rice,MidSenescence
395,133.9446356,47.62385028,2018/8/25,rice,Senescence
395,133.9446356,47.62385028,2018/10/25,rice,Dormancy
396,134.2214076,47.60390918,2018/6/6,rice,Greenup
396,134.2214076,47.60390918,2018/6/26,rice,MidGreenup
396,134.2214076,47.60390918,2018/8/7,rice,Peak
396,134.2214076,47.60390918,2018/7/21,rice,Maturity
396,134.2214076,47.60390918,2018/9/25,rice,MidSenescence
396,134.2214076,47.60390918,2018/8/26,rice,Senescence
396,134.2214076,47.60390918,2018/10/23,rice,Dormancy
397,132.2476266,47.61253308,2018/6/1,rice,Greenup
397,132.2476266,47.61253308,2018/6/20,rice,MidGreenup
397,132.2476266,47.61253308,2018/8/1,rice,Peak
397,132.2476266,47.61253308,2018/7/14,rice,Maturity
397,132.2476266,47.61253308,2018/9/20,rice,MidSenescence
397,132.2476266,47.61253308,2018/8/20,rice,Senescence
397,132.2476266,47.61253308,2018/10/20,rice,Dormancy
398,133.1970584,47.60687448,2018/5/30,rice,Greenup
398,133.1970584,47.60687448,2018/6/20,rice,MidGreenup
398,133.1970584,47.60687448,2018/8/1,rice,Peak
398,133.1970584,47.60687448,2018/7/14,rice,Maturity
398,133.1970584,47.60687448,2018/9/21,rice,MidSenescence
398,133.1970584,47.60687448,2018/8/21,rice,Senescence
398,133.1970584,47.60687448,2018/10/20,rice,Dormancy
399,133.5506339,47.54947247,2018/6/7,rice,Greenup
399,133.5506339,47.54947247,2018/6/26,rice,MidGreenup
399,133.5506339,47.54947247,2018/8/6,rice,Peak
399,133.5506339,47.54947247,2018/7/20,rice,Maturity
399,133.5506339,47.54947247,2018/9/25,rice,MidSenescence
399,133.5506339,47.54947247,2018/8/26,rice,Senescence
399,133.5506339,47.54947247,2018/10/23,rice,Dormancy
400,134.3626184,47.54003702,2018/6/6,rice,Greenup
400,134.3626184,47.54003702,2018/6/26,rice,MidGreenup
400,134.3626184,47.54003702,2018/8/5,rice,Peak
400,134.3626184,47.54003702,2018/7/19,rice,Maturity
400,134.3626184,47.54003702,2018/9/26,rice,MidSenescence
400,134.3626184,47.54003702,2018/8/25,rice,Senescence
400,134.3626184,47.54003702,2018/10/25,rice,Dormancy
401,131.8102379,47.44733231,2018/6/7,rice,Greenup
401,131.8102379,47.44733231,2018/6/26,rice,MidGreenup
401,131.8102379,47.44733231,2018/8/4,rice,Peak
401,131.8102379,47.44733231,2018/7/18,rice,Maturity
401,131.8102379,47.44733231,2018/9/22,rice,MidSenescence
401,131.8102379,47.44733231,2018/8/23,rice,Senescence
401,131.8102379,47.44733231,2018/10/21,rice,Dormancy
402,131.3987208,47.51928882,2018/5/29,rice,Greenup
402,131.3987208,47.51928882,2018/6/19,rice,MidGreenup
402,131.3987208,47.51928882,2018/7/30,rice,Peak
402,131.3987208,47.51928882,2018/7/13,rice,Maturity
402,131.3987208,47.51928882,2018/9/19,rice,MidSenescence
402,131.3987208,47.51928882,2018/8/19,rice,Senescence
402,131.3987208,47.51928882,2018/10/16,rice,Dormancy
403,131.9245023,47.444367,2018/6/3,rice,Greenup
403,131.9245023,47.444367,2018/6/25,rice,MidGreenup
403,131.9245023,47.444367,2018/8/4,rice,Peak
403,131.9245023,47.444367,2018/7/19,rice,Maturity
403,131.9245023,47.444367,2018/9/21,rice,MidSenescence
403,131.9245023,47.444367,2018/8/23,rice,Senescence
403,131.9245023,47.444367,2018/10/22,rice,Dormancy
404,130.9386932,47.48991226,2018/6/5,rice,Greenup
404,130.9386932,47.48991226,2018/6/25,rice,MidGreenup
404,130.9386932,47.48991226,2018/8/3,rice,Peak
404,130.9386932,47.48991226,2018/7/18,rice,Maturity
404,130.9386932,47.48991226,2018/9/21,rice,MidSenescence
404,130.9386932,47.48991226,2018/8/23,rice,Senescence
404,130.9386932,47.48991226,2018/10/20,rice,Dormancy
405,133.3385413,47.48640741,2018/6/5,rice,Greenup
405,133.3385413,47.48640741,2018/6/25,rice,MidGreenup
405,133.3385413,47.48640741,2018/8/4,rice,Peak
405,133.3385413,47.48640741,2018/7/18,rice,Maturity
405,133.3385413,47.48640741,2018/9/19,rice,MidSenescence
405,133.3385413,47.48640741,2018/8/23,rice,Senescence
405,133.3385413,47.48640741,2018/10/12,rice,Dormancy
406,131.4790292,47.49071936,2018/5/20,rice,Greenup
406,131.4790292,47.49071936,2018/6/16,rice,MidGreenup
406,131.4790292,47.49071936,2018/8/2,rice,Peak
406,131.4790292,47.49071936,2018/7/14,rice,Maturity
406,131.4790292,47.49071936,2018/9/22,rice,MidSenescence
406,131.4790292,47.49071936,2018/8/23,rice,Senescence
406,131.4790292,47.49071936,2018/10/18,rice,Dormancy
407,131.4329444,47.48721896,2018/5/31,rice,Greenup
407,131.4329444,47.48721896,2018/6/21,rice,MidGreenup
407,131.4329444,47.48721896,2018/8/2,rice,Peak
407,131.4329444,47.48721896,2018/7/16,rice,Maturity
407,131.4329444,47.48721896,2018/9/22,rice,MidSenescence
407,131.4329444,47.48721896,2018/8/22,rice,Senescence
407,131.4329444,47.48721896,2018/10/18,rice,Dormancy
408,133.0167636,47.4481394,2018/5/31,rice,Greenup
408,133.0167636,47.4481394,2018/6/20,rice,MidGreenup
408,133.0167636,47.4481394,2018/7/30,rice,Peak
408,133.0167636,47.4481394,2018/7/13,rice,Maturity
408,133.0167636,47.4481394,2018/9/23,rice,MidSenescence
408,133.0167636,47.4481394,2018/8/20,rice,Senescence
408,133.0167636,47.4481394,2018/10/21,rice,Dormancy
409,133.0159565,47.44355991,2018/6/4,rice,Greenup
409,133.0159565,47.44355991,2018/6/23,rice,MidGreenup
409,133.0159565,47.44355991,2018/8/3,rice,Peak
409,133.0159565,47.44355991,2018/7/17,rice,Maturity
409,133.0159565,47.44355991,2018/9/23,rice,MidSenescence
409,133.0159565,47.44355991,2018/8/23,rice,Senescence
409,133.0159565,47.44355991,2018/10/21,rice,Dormancy
410,134.2550916,47.50958582,2018/6/9,rice,Greenup
410,134.2550916,47.50958582,2018/6/28,rice,MidGreenup
410,134.2550916,47.50958582,2018/8/7,rice,Peak
410,134.2550916,47.50958582,2018/7/22,rice,Maturity
410,134.2550916,47.50958582,2018/9/26,rice,MidSenescence
410,134.2550916,47.50958582,2018/8/26,rice,Senescence
410,134.2550916,47.50958582,2018/10/23,rice,Dormancy
411,134.2580569,47.47805551,2018/6/4,rice,Greenup
411,134.2580569,47.47805551,2018/6/25,rice,MidGreenup
411,134.2580569,47.47805551,2018/8/7,rice,Peak
411,134.2580569,47.47805551,2018/7/20,rice,Maturity
411,134.2580569,47.47805551,2018/9/27,rice,MidSenescence
411,134.2580569,47.47805551,2018/8/27,rice,Senescence
411,134.2580569,47.47805551,2018/10/24,rice,Dormancy
412,133.6767552,47.51686307,2018/5/27,rice,Greenup
412,133.6767552,47.51686307,2018/6/18,rice,MidGreenup
412,133.6767552,47.51686307,2018/7/31,rice,Peak
412,133.6767552,47.51686307,2018/7/13,rice,Maturity
412,133.6767552,47.51686307,2018/9/20,rice,MidSenescence
412,133.6767552,47.51686307,2018/8/21,rice,Senescence
412,133.6767552,47.51686307,2018/10/18,rice,Dormancy
413,133.8635157,47.49503131,2018/6/2,rice,Greenup
413,133.8635157,47.49503131,2018/6/23,rice,MidGreenup
413,133.8635157,47.49503131,2018/8/3,rice,Peak
413,133.8635157,47.49503131,2018/7/17,rice,Maturity
413,133.8635157,47.49503131,2018/9/23,rice,MidSenescence
413,133.8635157,47.49503131,2018/8/24,rice,Senescence
413,133.8635157,47.49503131,2018/10/19,rice,Dormancy
414,133.7894054,47.48829361,2018/6/2,rice,Greenup
414,133.7894054,47.48829361,2018/6/22,rice,MidGreenup
414,133.7894054,47.48829361,2018/7/31,rice,Peak
414,133.7894054,47.48829361,2018/7/15,rice,Maturity
414,133.7894054,47.48829361,2018/9/19,rice,MidSenescence
414,133.7894054,47.48829361,2018/8/20,rice,Senescence
414,133.7894054,47.48829361,2018/10/18,rice,Dormancy
415,132.8715084,47.45811441,2018/6/3,rice,Greenup
415,132.8715084,47.45811441,2018/6/23,rice,MidGreenup
415,132.8715084,47.45811441,2018/8/5,rice,Peak
415,132.8715084,47.45811441,2018/7/18,rice,Maturity
415,132.8715084,47.45811441,2018/9/22,rice,MidSenescence
415,132.8715084,47.45811441,2018/8/24,rice,Senescence
415,132.8715084,47.45811441,2018/10/18,rice,Dormancy
416,132.8661173,47.44679275,2018/6/4,rice,Greenup
416,132.8661173,47.44679275,2018/6/23,rice,MidGreenup
416,132.8661173,47.44679275,2018/8/3,rice,Peak
416,132.8661173,47.44679275,2018/7/17,rice,Maturity
416,132.8661173,47.44679275,2018/9/22,rice,MidSenescence
416,132.8661173,47.44679275,2018/8/23,rice,Senescence
416,132.8661173,47.44679275,2018/10/19,rice,Dormancy
417,132.920554,47.35408804,2018/5/29,rice,Greenup
417,132.920554,47.35408804,2018/6/19,rice,MidGreenup
417,132.920554,47.35408804,2018/7/29,rice,Peak
417,132.920554,47.35408804,2018/7/13,rice,Maturity
417,132.920554,47.35408804,2018/9/18,rice,MidSenescence
417,132.920554,47.35408804,2018/8/18,rice,Senescence
417,132.920554,47.35408804,2018/10/14,rice,Dormancy
418,130.9497429,47.43358936,2018/6/6,rice,Greenup
418,130.9497429,47.43358936,2018/6/25,rice,MidGreenup
418,130.9497429,47.43358936,2018/8/2,rice,Peak
418,130.9497429,47.43358936,2018/7/17,rice,Maturity
418,130.9497429,47.43358936,2018/9/20,rice,MidSenescence
418,130.9497429,47.43358936,2018/8/21,rice,Senescence
418,130.9497429,47.43358936,2018/10/19,rice,Dormancy
419,130.9537828,47.37052875,2018/6/4,rice,Greenup
419,130.9537828,47.37052875,2018/6/25,rice,MidGreenup
419,130.9537828,47.37052875,2018/8/5,rice,Peak
419,130.9537828,47.37052875,2018/7/20,rice,Maturity
419,130.9537828,47.37052875,2018/9/22,rice,MidSenescence
419,130.9537828,47.37052875,2018/8/24,rice,Senescence
419,130.9537828,47.37052875,2018/10/20,rice,Dormancy
420,131.4130033,47.43790131,2018/6/4,rice,Greenup
420,131.4130033,47.43790131,2018/6/24,rice,MidGreenup
420,131.4130033,47.43790131,2018/8/4,rice,Peak
420,131.4130033,47.43790131,2018/7/18,rice,Maturity
420,131.4130033,47.43790131,2018/9/23,rice,MidSenescence
420,131.4130033,47.43790131,2018/8/24,rice,Senescence
420,131.4130033,47.43790131,2018/10/20,rice,Dormancy
421,131.8099659,47.43736176,2018/6/6,rice,Greenup
421,131.8099659,47.43736176,2018/6/26,rice,MidGreenup
421,131.8099659,47.43736176,2018/8/5,rice,Peak
421,131.8099659,47.43736176,2018/7/19,rice,Maturity
421,131.8099659,47.43736176,2018/9/22,rice,MidSenescence
421,131.8099659,47.43736176,2018/8/24,rice,Senescence
421,131.8099659,47.43736176,2018/10/22,rice,Dormancy
422,131.8132032,47.3594791,2018/6/3,rice,Greenup
422,131.8132032,47.3594791,2018/6/23,rice,MidGreenup
422,131.8132032,47.3594791,2018/8/3,rice,Peak
422,131.8132032,47.3594791,2018/7/17,rice,Maturity
422,131.8132032,47.3594791,2018/9/21,rice,MidSenescence
422,131.8132032,47.3594791,2018/8/22,rice,Senescence
422,131.8132032,47.3594791,2018/10/19,rice,Dormancy
423,132.8666569,47.4117576,2018/6/7,rice,Greenup
423,132.8666569,47.4117576,2018/6/25,rice,MidGreenup
423,132.8666569,47.4117576,2018/8/1,rice,Peak
423,132.8666569,47.4117576,2018/7/16,rice,Maturity
423,132.8666569,47.4117576,2018/9/17,rice,MidSenescence
423,132.8666569,47.4117576,2018/8/19,rice,Senescence
423,132.8666569,47.4117576,2018/10/16,rice,Dormancy
424,132.8531815,47.36783099,2018/6/3,rice,Greenup
424,132.8531815,47.36783099,2018/6/23,rice,MidGreenup
424,132.8531815,47.36783099,2018/8/1,rice,Peak
424,132.8531815,47.36783099,2018/7/16,rice,Maturity
424,132.8531815,47.36783099,2018/9/20,rice,MidSenescence
424,132.8531815,47.36783099,2018/8/21,rice,Senescence
424,132.8531815,47.36783099,2018/10/18,rice,Dormancy
425,127.4403813,47.29156253,2018/6/5,rice,Greenup
425,127.4403813,47.29156253,2018/6/25,rice,MidGreenup
425,127.4403813,47.29156253,2018/8/3,rice,Peak
425,127.4403813,47.29156253,2018/7/19,rice,Maturity
425,127.4403813,47.29156253,2018/9/18,rice,MidSenescence
425,127.4403813,47.29156253,2018/8/21,rice,Senescence
425,127.4403813,47.29156253,2018/10/16,rice,Dormancy
426,133.5762336,47.29991888,2018/6/5,rice,Greenup
426,133.5762336,47.29991888,2018/6/25,rice,MidGreenup
426,133.5762336,47.29991888,2018/8/4,rice,Peak
426,133.5762336,47.29991888,2018/7/19,rice,Maturity
426,133.5762336,47.29991888,2018/9/20,rice,MidSenescence
426,133.5762336,47.29991888,2018/8/23,rice,Senescence
426,133.5762336,47.29991888,2018/10/18,rice,Dormancy
427,133.8575895,47.28914124,2018/5/31,rice,Greenup
427,133.8575895,47.28914124,2018/6/21,rice,MidGreenup
427,133.8575895,47.28914124,2018/8/1,rice,Peak
427,133.8575895,47.28914124,2018/7/15,rice,Maturity
427,133.8575895,47.28914124,2018/9/21,rice,MidSenescence
427,133.8575895,47.28914124,2018/8/21,rice,Senescence
427,133.8575895,47.28914124,2018/10/20,rice,Dormancy
428,133.4215474,47.30449838,2018/6/1,rice,Greenup
428,133.4215474,47.30449838,2018/6/22,rice,MidGreenup
428,133.4215474,47.30449838,2018/8/1,rice,Peak
428,133.4215474,47.30449838,2018/7/16,rice,Maturity
428,133.4215474,47.30449838,2018/9/22,rice,MidSenescence
428,133.4215474,47.30449838,2018/8/21,rice,Senescence
428,133.4215474,47.30449838,2018/10/22,rice,Dormancy
429,132.7558928,47.31258719,2018/5/26,rice,Greenup
429,132.7558928,47.31258719,2018/6/17,rice,MidGreenup
429,132.7558928,47.31258719,2018/7/30,rice,Peak
429,132.7558928,47.31258719,2018/7/12,rice,Maturity
429,132.7558928,47.31258719,2018/9/19,rice,MidSenescence
429,132.7558928,47.31258719,2018/8/19,rice,Senescence
429,132.7558928,47.31258719,2018/10/18,rice,Dormancy
430,131.6523144,47.34061264,2018/6/10,rice,Greenup
430,131.6523144,47.34061264,2018/6/29,rice,MidGreenup
430,131.6523144,47.34061264,2018/8/8,rice,Peak
430,131.6523144,47.34061264,2018/7/23,rice,Maturity
430,131.6523144,47.34061264,2018/9/26,rice,MidSenescence
430,131.6523144,47.34061264,2018/8/28,rice,Senescence
430,131.6523144,47.34061264,2018/10/23,rice,Dormancy
431,131.5186439,47.34492459,2018/6/6,rice,Greenup
431,131.5186439,47.34492459,2018/6/26,rice,MidGreenup
431,131.5186439,47.34492459,2018/8/4,rice,Peak
431,131.5186439,47.34492459,2018/7/19,rice,Maturity
431,131.5186439,47.34492459,2018/9/23,rice,MidSenescence
431,131.5186439,47.34492459,2018/8/24,rice,Senescence
431,131.5186439,47.34492459,2018/10/22,rice,Dormancy
432,131.5418223,47.34384549,2018/6/3,rice,Greenup
432,131.5418223,47.34384549,2018/6/24,rice,MidGreenup
432,131.5418223,47.34384549,2018/8/5,rice,Peak
432,131.5418223,47.34384549,2018/7/19,rice,Maturity
432,131.5418223,47.34384549,2018/9/23,rice,MidSenescence
432,131.5418223,47.34384549,2018/8/24,rice,Senescence
432,131.5418223,47.34384549,2018/10/21,rice,Dormancy
433,127.4166678,47.17810516,2018/6/3,rice,Greenup
433,127.4166678,47.17810516,2018/6/22,rice,MidGreenup
433,127.4166678,47.17810516,2018/7/31,rice,Peak
433,127.4166678,47.17810516,2018/7/14,rice,Maturity
433,127.4166678,47.17810516,2018/9/20,rice,MidSenescence
433,127.4166678,47.17810516,2018/8/20,rice,Senescence
433,127.4166678,47.17810516,2018/10/20,rice,Dormancy
434,130.4452491,47.17514432,2018/5/29,rice,Greenup
434,130.4452491,47.17514432,2018/6/19,rice,MidGreenup
434,130.4452491,47.17514432,2018/8/1,rice,Peak
434,130.4452491,47.17514432,2018/7/14,rice,Maturity
434,130.4452491,47.17514432,2018/9/20,rice,MidSenescence
434,130.4452491,47.17514432,2018/8/20,rice,Senescence
434,130.4452491,47.17514432,2018/10/19,rice,Dormancy
435,127.3147996,47.20101602,2018/5/30,rice,Greenup
435,127.3147996,47.20101602,2018/6/20,rice,MidGreenup
435,127.3147996,47.20101602,2018/8/1,rice,Peak
435,127.3147996,47.20101602,2018/7/15,rice,Maturity
435,127.3147996,47.20101602,2018/9/19,rice,MidSenescence
435,127.3147996,47.20101602,2018/8/20,rice,Senescence
435,127.3147996,47.20101602,2018/10/16,rice,Dormancy
436,131.8676399,47.16759506,2018/6/7,rice,Greenup
436,131.8676399,47.16759506,2018/6/26,rice,MidGreenup
436,131.8676399,47.16759506,2018/8/5,rice,Peak
436,131.8676399,47.16759506,2018/7/19,rice,Maturity
436,131.8676399,47.16759506,2018/9/24,rice,MidSenescence
436,131.8676399,47.16759506,2018/8/25,rice,Senescence
436,131.8676399,47.16759506,2018/10/22,rice,Dormancy
437,131.5172972,47.17083237,2018/6/5,rice,Greenup
437,131.5172972,47.17083237,2018/6/24,rice,MidGreenup
437,131.5172972,47.17083237,2018/8/3,rice,Peak
437,131.5172972,47.17083237,2018/7/17,rice,Maturity
437,131.5172972,47.17083237,2018/9/23,rice,MidSenescence
437,131.5172972,47.17083237,2018/8/23,rice,Senescence
437,131.5172972,47.17083237,2018/10/21,rice,Dormancy
438,132.1330902,47.24251688,2018/6/10,rice,Greenup
438,132.1330902,47.24251688,2018/6/29,rice,MidGreenup
438,132.1330902,47.24251688,2018/8/8,rice,Peak
438,132.1330902,47.24251688,2018/7/22,rice,Maturity
438,132.1330902,47.24251688,2018/9/24,rice,MidSenescence
438,132.1330902,47.24251688,2018/8/28,rice,Senescence
438,132.1330902,47.24251688,2018/10/19,rice,Dormancy
439,130.7201304,47.21772427,2018/6/2,rice,Greenup
439,130.7201304,47.21772427,2018/6/23,rice,MidGreenup
439,130.7201304,47.21772427,2018/8/3,rice,Peak
439,130.7201304,47.21772427,2018/7/17,rice,Maturity
439,130.7201304,47.21772427,2018/9/23,rice,MidSenescence
439,130.7201304,47.21772427,2018/8/23,rice,Senescence
439,130.7201304,47.21772427,2018/10/22,rice,Dormancy
440,132.9407671,47.24628928,2018/6/1,rice,Greenup
440,132.9407671,47.24628928,2018/6/21,rice,MidGreenup
440,132.9407671,47.24628928,2018/7/31,rice,Peak
440,132.9407671,47.24628928,2018/7/14,rice,Maturity
440,132.9407671,47.24628928,2018/9/19,rice,MidSenescence
440,132.9407671,47.24628928,2018/8/19,rice,Senescence
440,132.9407671,47.24628928,2018/10/17,rice,Dormancy
441,133.1485479,47.24925458,2018/5/30,rice,Greenup
441,133.1485479,47.24925458,2018/6/20,rice,MidGreenup
441,133.1485479,47.24925458,2018/8/2,rice,Peak
441,133.1485479,47.24925458,2018/7/15,rice,Maturity
441,133.1485479,47.24925458,2018/9/22,rice,MidSenescence
441,133.1485479,47.24925458,2018/8/22,rice,Senescence
441,133.1485479,47.24925458,2018/10/19,rice,Dormancy
442,130.9001532,47.10238071,2018/6/2,rice,Greenup
442,130.9001532,47.10238071,2018/6/21,rice,MidGreenup
442,130.9001532,47.10238071,2018/7/30,rice,Peak
442,130.9001532,47.10238071,2018/7/14,rice,Maturity
442,130.9001532,47.10238071,2018/9/17,rice,MidSenescence
442,130.9001532,47.10238071,2018/8/18,rice,Senescence
442,130.9001532,47.10238071,2018/10/15,rice,Dormancy
443,131.7258851,47.10156915,2018/6/6,rice,Greenup
443,131.7258851,47.10156915,2018/6/24,rice,MidGreenup
443,131.7258851,47.10156915,2018/8/1,rice,Peak
443,131.7258851,47.10156915,2018/7/16,rice,Maturity
443,131.7258851,47.10156915,2018/9/20,rice,MidSenescence
443,131.7258851,47.10156915,2018/8/20,rice,Senescence
443,131.7258851,47.10156915,2018/10/22,rice,Dormancy
444,131.4636676,47.14253491,2018/6/3,rice,Greenup
444,131.4636676,47.14253491,2018/6/23,rice,MidGreenup
444,131.4636676,47.14253491,2018/8/4,rice,Peak
444,131.4636676,47.14253491,2018/7/17,rice,Maturity
444,131.4636676,47.14253491,2018/9/21,rice,MidSenescence
444,131.4636676,47.14253491,2018/8/23,rice,Senescence
444,131.4636676,47.14253491,2018/10/18,rice,Dormancy
445,130.5527758,47.15169836,2018/5/29,rice,Greenup
445,130.5527758,47.15169836,2018/6/18,rice,MidGreenup
445,130.5527758,47.15169836,2018/7/30,rice,Peak
445,130.5527758,47.15169836,2018/7/13,rice,Maturity
445,130.5527758,47.15169836,2018/9/19,rice,MidSenescence
445,130.5527758,47.15169836,2018/8/18,rice,Senescence
445,130.5527758,47.15169836,2018/10/19,rice,Dormancy
446,130.8591919,47.00805734,2018/6/7,rice,Greenup
446,130.8591919,47.00805734,2018/6/26,rice,MidGreenup
446,130.8591919,47.00805734,2018/8/2,rice,Peak
446,130.8591919,47.00805734,2018/7/17,rice,Maturity
446,130.8591919,47.00805734,2018/9/19,rice,MidSenescence
446,130.8591919,47.00805734,2018/8/21,rice,Senescence
446,130.8591919,47.00805734,2018/10/14,rice,Dormancy
447,127.791803,47.01775589,2018/6/2,rice,Greenup
447,127.791803,47.01775589,2018/6/21,rice,MidGreenup
447,127.791803,47.01775589,2018/7/30,rice,Peak
447,127.791803,47.01775589,2018/7/14,rice,Maturity
447,127.791803,47.01775589,2018/9/18,rice,MidSenescence
447,127.791803,47.01775589,2018/8/19,rice,Senescence
447,127.791803,47.01775589,2018/10/16,rice,Dormancy
448,131.3647648,47.00320584,2018/6/17,rice,Greenup
448,131.3647648,47.00320584,2018/7/4,rice,MidGreenup
448,131.3647648,47.00320584,2018/8/10,rice,Peak
448,131.3647648,47.00320584,2018/7/26,rice,Maturity
448,131.3647648,47.00320584,2018/9/25,rice,MidSenescence
448,131.3647648,47.00320584,2018/8/28,rice,Senescence
448,131.3647648,47.00320584,2018/10/24,rice,Dormancy
449,132.7071147,47.06087539,2018/6/10,rice,Greenup
449,132.7071147,47.06087539,2018/6/29,rice,MidGreenup
449,132.7071147,47.06087539,2018/8/8,rice,Peak
449,132.7071147,47.06087539,2018/7/23,rice,Maturity
449,132.7071147,47.06087539,2018/9/25,rice,MidSenescence
449,132.7071147,47.06087539,2018/8/27,rice,Senescence
449,132.7071147,47.06087539,2018/10/21,rice,Dormancy
450,130.4562987,47.0325824,2018/6/2,rice,Greenup
450,130.4562987,47.0325824,2018/6/21,rice,MidGreenup
450,130.4562987,47.0325824,2018/8/1,rice,Peak
450,130.4562987,47.0325824,2018/7/15,rice,Maturity
450,130.4562987,47.0325824,2018/9/21,rice,MidSenescence
450,130.4562987,47.0325824,2018/8/20,rice,Senescence
450,130.4562987,47.0325824,2018/10/23,rice,Dormancy
451,130.4924085,46.98784424,2018/6/5,rice,Greenup
451,130.4924085,46.98784424,2018/6/25,rice,MidGreenup
451,130.4924085,46.98784424,2018/8/5,rice,Peak
451,130.4924085,46.98784424,2018/7/18,rice,Maturity
451,130.4924085,46.98784424,2018/9/27,rice,MidSenescence
451,130.4924085,46.98784424,2018/8/26,rice,Senescence
451,130.4924085,46.98784424,2018/10/27,rice,Dormancy
452,131.2345991,47.04982574,2018/6/8,rice,Greenup
452,131.2345991,47.04982574,2018/6/25,rice,MidGreenup
452,131.2345991,47.04982574,2018/8/3,rice,Peak
452,131.2345991,47.04982574,2018/7/17,rice,Maturity
452,131.2345991,47.04982574,2018/9/22,rice,MidSenescence
452,131.2345991,47.04982574,2018/8/22,rice,Senescence
452,131.2345991,47.04982574,2018/10/23,rice,Dormancy
453,127.485387,46.91777392,2018/5/31,rice,Greenup
453,127.485387,46.91777392,2018/6/18,rice,MidGreenup
453,127.485387,46.91777392,2018/7/26,rice,Peak
453,127.485387,46.91777392,2018/7/10,rice,Maturity
453,127.485387,46.91777392,2018/9/14,rice,MidSenescence
453,127.485387,46.91777392,2018/8/14,rice,Senescence
453,127.485387,46.91777392,2018/10/13,rice,Dormancy
454,130.4123677,46.90268433,2018/6/4,rice,Greenup
454,130.4123677,46.90268433,2018/6/23,rice,MidGreenup
454,130.4123677,46.90268433,2018/8/1,rice,Peak
454,130.4123677,46.90268433,2018/7/16,rice,Maturity
454,130.4123677,46.90268433,2018/9/20,rice,MidSenescence
454,130.4123677,46.90268433,2018/8/20,rice,Senescence
454,130.4123677,46.90268433,2018/10/22,rice,Dormancy
455,130.3533515,46.90645672,2018/6/6,rice,Greenup
455,130.3533515,46.90645672,2018/6/26,rice,MidGreenup
455,130.3533515,46.90645672,2018/8/4,rice,Peak
455,130.3533515,46.90645672,2018/7/19,rice,Maturity
455,130.3533515,46.90645672,2018/9/23,rice,MidSenescence
455,130.3533515,46.90645672,2018/8/23,rice,Senescence
455,130.3533515,46.90645672,2018/10/21,rice,Dormancy
456,131.6695622,46.90106567,2018/6/11,rice,Greenup
456,131.6695622,46.90106567,2018/7/2,rice,MidGreenup
456,131.6695622,46.90106567,2018/8/11,rice,Peak
456,131.6695622,46.90106567,2018/7/26,rice,Maturity
456,131.6695622,46.90106567,2018/9/25,rice,MidSenescence
456,131.6695622,46.90106567,2018/8/29,rice,Senescence
456,131.6695622,46.90106567,2018/10/18,rice,Dormancy
457,130.5899647,46.94472473,2018/6/5,rice,Greenup
457,130.5899647,46.94472473,2018/6/25,rice,MidGreenup
457,130.5899647,46.94472473,2018/8/3,rice,Peak
457,130.5899647,46.94472473,2018/7/18,rice,Maturity
457,130.5899647,46.94472473,2018/9/21,rice,MidSenescence
457,130.5899647,46.94472473,2018/8/22,rice,Senescence
457,130.5899647,46.94472473,2018/10/20,rice,Dormancy
458,130.5805337,46.89783282,2018/6/7,rice,Greenup
458,130.5805337,46.89783282,2018/6/25,rice,MidGreenup
458,130.5805337,46.89783282,2018/8/3,rice,Peak
458,130.5805337,46.89783282,2018/7/17,rice,Maturity
458,130.5805337,46.89783282,2018/9/21,rice,MidSenescence
458,130.5805337,46.89783282,2018/8/22,rice,Senescence
458,130.5805337,46.89783282,2018/10/21,rice,Dormancy
459,130.7947802,46.94661093,2018/6/9,rice,Greenup
459,130.7947802,46.94661093,2018/6/28,rice,MidGreenup
459,130.7947802,46.94661093,2018/8/5,rice,Peak
459,130.7947802,46.94661093,2018/7/20,rice,Maturity
459,130.7947802,46.94661093,2018/9/23,rice,MidSenescence
459,130.7947802,46.94661093,2018/8/24,rice,Senescence
459,130.7947802,46.94661093,2018/10/23,rice,Dormancy
460,130.5983211,46.95065533,2018/6/5,rice,Greenup
460,130.5983211,46.95065533,2018/6/25,rice,MidGreenup
460,130.5983211,46.95065533,2018/8/3,rice,Peak
460,130.5983211,46.95065533,2018/7/18,rice,Maturity
460,130.5983211,46.95065533,2018/9/21,rice,MidSenescence
460,130.5983211,46.95065533,2018/8/22,rice,Senescence
460,130.5983211,46.95065533,2018/10/22,rice,Dormancy
461,128.1413386,46.89082758,2018/6/1,rice,Greenup
461,128.1413386,46.89082758,2018/6/20,rice,MidGreenup
461,128.1413386,46.89082758,2018/7/31,rice,Peak
461,128.1413386,46.89082758,2018/7/14,rice,Maturity
461,128.1413386,46.89082758,2018/9/19,rice,MidSenescence
461,128.1413386,46.89082758,2018/8/20,rice,Senescence
461,128.1413386,46.89082758,2018/10/17,rice,Dormancy
462,132.7952399,46.92936313,2018/6/9,rice,Greenup
462,132.7952399,46.92936313,2018/6/28,rice,MidGreenup
462,132.7952399,46.92936313,2018/8/7,rice,Peak
462,132.7952399,46.92936313,2018/7/21,rice,Maturity
462,132.7952399,46.92936313,2018/9/27,rice,MidSenescence
462,132.7952399,46.92936313,2018/8/27,rice,Senescence
462,132.7952399,46.92936313,2018/10/25,rice,Dormancy
463,126.2511034,46.84878717,2018/6/3,rice,Greenup
463,126.2511034,46.84878717,2018/6/22,rice,MidGreenup
463,126.2511034,46.84878717,2018/7/29,rice,Peak
463,126.2511034,46.84878717,2018/7/14,rice,Maturity
463,126.2511034,46.84878717,2018/9/11,rice,MidSenescence
463,126.2511034,46.84878717,2018/8/15,rice,Senescence
463,126.2511034,46.84878717,2018/10/6,rice,Dormancy
464,127.2905421,46.83288602,2018/6/3,rice,Greenup
464,127.2905421,46.83288602,2018/6/22,rice,MidGreenup
464,127.2905421,46.83288602,2018/7/30,rice,Peak
464,127.2905421,46.83288602,2018/7/14,rice,Maturity
464,127.2905421,46.83288602,2018/9/17,rice,MidSenescence
464,127.2905421,46.83288602,2018/8/18,rice,Senescence
464,127.2905421,46.83288602,2018/10/16,rice,Dormancy
465,127.0339833,46.84501031,2018/5/30,rice,Greenup
465,127.0339833,46.84501031,2018/6/18,rice,MidGreenup
465,127.0339833,46.84501031,2018/7/27,rice,Peak
465,127.0339833,46.84501031,2018/7/10,rice,Maturity
465,127.0339833,46.84501031,2018/9/14,rice,MidSenescence
465,127.0339833,46.84501031,2018/8/15,rice,Senescence
465,127.0339833,46.84501031,2018/10/11,rice,Dormancy
466,127.0676718,46.84339612,2018/5/28,rice,Greenup
466,127.0676718,46.84339612,2018/6/16,rice,MidGreenup
466,127.0676718,46.84339612,2018/7/26,rice,Peak
466,127.0676718,46.84339612,2018/7/9,rice,Maturity
466,127.0676718,46.84339612,2018/9/14,rice,MidSenescence
466,127.0676718,46.84339612,2018/8/15,rice,Senescence
466,127.0676718,46.84339612,2018/10/11,rice,Dormancy
467,130.0555593,46.82452966,2018/6/7,rice,Greenup
467,130.0555593,46.82452966,2018/6/25,rice,MidGreenup
467,130.0555593,46.82452966,2018/8/3,rice,Peak
467,130.0555593,46.82452966,2018/7/18,rice,Maturity
467,130.0555593,46.82452966,2018/9/21,rice,MidSenescence
467,130.0555593,46.82452966,2018/8/22,rice,Senescence
467,130.0555593,46.82452966,2018/10/21,rice,Dormancy
468,127.5972302,46.88866937,2018/6/1,rice,Greenup
468,127.5972302,46.88866937,2018/6/21,rice,MidGreenup
468,127.5972302,46.88866937,2018/7/29,rice,Peak
468,127.5972302,46.88866937,2018/7/13,rice,Maturity
468,127.5972302,46.88866937,2018/9/16,rice,MidSenescence
468,127.5972302,46.88866937,2018/8/17,rice,Senescence
468,127.5972302,46.88866937,2018/10/15,rice,Dormancy
469,132.5796424,46.90430298,2018/6/19,rice,Greenup
469,132.5796424,46.90430298,2018/7/8,rice,MidGreenup
469,132.5796424,46.90430298,2018/8/15,rice,Peak
469,132.5796424,46.90430298,2018/7/30,rice,Maturity
469,132.5796424,46.90430298,2018/9/30,rice,MidSenescence
469,132.5796424,46.90430298,2018/9/2,rice,Senescence
469,132.5796424,46.90430298,2018/10/26,rice,Dormancy
470,131.720494,46.87465442,2018/6/17,rice,Greenup
470,131.720494,46.87465442,2018/7/4,rice,MidGreenup
470,131.720494,46.87465442,2018/8/11,rice,Peak
470,131.720494,46.87465442,2018/7/26,rice,Maturity
470,131.720494,46.87465442,2018/9/24,rice,MidSenescence
470,131.720494,46.87465442,2018/8/29,rice,Senescence
470,131.720494,46.87465442,2018/10/18,rice,Dormancy
471,126.9275356,46.708379,2018/6/10,rice,Greenup
471,126.9275356,46.708379,2018/6/30,rice,MidGreenup
471,126.9275356,46.708379,2018/8/10,rice,Peak
471,126.9275356,46.708379,2018/7/24,rice,Maturity
471,126.9275356,46.708379,2018/9/28,rice,MidSenescence
471,126.9275356,46.708379,2018/8/30,rice,Senescence
471,126.9275356,46.708379,2018/10/26,rice,Dormancy
472,127.0188937,46.75661755,2018/6/2,rice,Greenup
472,127.0188937,46.75661755,2018/6/21,rice,MidGreenup
472,127.0188937,46.75661755,2018/7/30,rice,Peak
472,127.0188937,46.75661755,2018/7/14,rice,Maturity
472,127.0188937,46.75661755,2018/9/16,rice,MidSenescence
472,127.0188937,46.75661755,2018/8/17,rice,Senescence
472,127.0188937,46.75661755,2018/10/15,rice,Dormancy
473,133.034551,46.79677176,2018/6/7,rice,Greenup
473,133.034551,46.79677176,2018/6/27,rice,MidGreenup
473,133.034551,46.79677176,2018/8/8,rice,Peak
473,133.034551,46.79677176,2018/7/22,rice,Maturity
473,133.034551,46.79677176,2018/9/26,rice,MidSenescence
473,133.034551,46.79677176,2018/8/28,rice,Senescence
473,133.034551,46.79677176,2018/10/23,rice,Dormancy
474,132.1339017,46.79704376,2018/6/7,rice,Greenup
474,132.1339017,46.79704376,2018/6/28,rice,MidGreenup
474,132.1339017,46.79704376,2018/8/9,rice,Peak
474,132.1339017,46.79704376,2018/7/22,rice,Maturity
474,132.1339017,46.79704376,2018/9/25,rice,MidSenescence
474,132.1339017,46.79704376,2018/8/28,rice,Senescence
474,132.1339017,46.79704376,2018/10/18,rice,Dormancy
475,131.6062295,46.76416235,2018/6/5,rice,Greenup
475,131.6062295,46.76416235,2018/6/25,rice,MidGreenup
475,131.6062295,46.76416235,2018/8/3,rice,Peak
475,131.6062295,46.76416235,2018/7/18,rice,Maturity
475,131.6062295,46.76416235,2018/9/20,rice,MidSenescence
475,131.6062295,46.76416235,2018/8/23,rice,Senescence
475,131.6062295,46.76416235,2018/10/17,rice,Dormancy
476,129.9647363,46.7913807,2018/5/30,rice,Greenup
476,129.9647363,46.7913807,2018/6/20,rice,MidGreenup
476,129.9647363,46.7913807,2018/7/31,rice,Peak
476,129.9647363,46.7913807,2018/7/14,rice,Maturity
476,129.9647363,46.7913807,2018/9/19,rice,MidSenescence
476,129.9647363,46.7913807,2018/8/20,rice,Senescence
476,129.9647363,46.7913807,2018/10/17,rice,Dormancy
477,131.978132,46.7159238,2018/6/7,rice,Greenup
477,131.978132,46.7159238,2018/6/27,rice,MidGreenup
477,131.978132,46.7159238,2018/8/6,rice,Peak
477,131.978132,46.7159238,2018/7/20,rice,Maturity
477,131.978132,46.7159238,2018/9/25,rice,MidSenescence
477,131.978132,46.7159238,2018/8/26,rice,Senescence
477,131.978132,46.7159238,2018/10/20,rice,Dormancy
478,129.6645229,46.63265008,2018/6/1,rice,Greenup
478,129.6645229,46.63265008,2018/6/20,rice,MidGreenup
478,129.6645229,46.63265008,2018/7/31,rice,Peak
478,129.6645229,46.63265008,2018/7/14,rice,Maturity
478,129.6645229,46.63265008,2018/9/18,rice,MidSenescence
478,129.6645229,46.63265008,2018/8/19,rice,Senescence
478,129.6645229,46.63265008,2018/10/17,rice,Dormancy
479,132.8574934,46.64693258,2018/6/4,rice,Greenup
479,132.8574934,46.64693258,2018/6/24,rice,MidGreenup
479,132.8574934,46.64693258,2018/8/4,rice,Peak
479,132.8574934,46.64693258,2018/7/18,rice,Maturity
479,132.8574934,46.64693258,2018/9/22,rice,MidSenescence
479,132.8574934,46.64693258,2018/8/24,rice,Senescence
479,132.8574934,46.64693258,2018/10/17,rice,Dormancy
480,132.7448432,46.6903241,2018/6/1,rice,Greenup
480,132.7448432,46.6903241,2018/6/25,rice,MidGreenup
480,132.7448432,46.6903241,2018/8/9,rice,Peak
480,132.7448432,46.6903241,2018/7/21,rice,Maturity
480,132.7448432,46.6903241,2018/9/25,rice,MidSenescence
480,132.7448432,46.6903241,2018/8/28,rice,Senescence
480,132.7448432,46.6903241,2018/10/20,rice,Dormancy
481,132.280236,46.65744269,2018/6/7,rice,Greenup
481,132.280236,46.65744269,2018/6/26,rice,MidGreenup
481,132.280236,46.65744269,2018/8/6,rice,Peak
481,132.280236,46.65744269,2018/7/20,rice,Maturity
481,132.280236,46.65744269,2018/9/22,rice,MidSenescence
481,132.280236,46.65744269,2018/8/26,rice,Senescence
481,132.280236,46.65744269,2018/10/17,rice,Dormancy
482,132.9318757,46.68547259,2018/6/5,rice,Greenup
482,132.9318757,46.68547259,2018/6/25,rice,MidGreenup
482,132.9318757,46.68547259,2018/8/5,rice,Peak
482,132.9318757,46.68547259,2018/7/19,rice,Maturity
482,132.9318757,46.68547259,2018/9/23,rice,MidSenescence
482,132.9318757,46.68547259,2018/8/25,rice,Senescence
482,132.9318757,46.68547259,2018/10/18,rice,Dormancy
483,132.7068472,46.63453628,2018/6/4,rice,Greenup
483,132.7068472,46.63453628,2018/6/27,rice,MidGreenup
483,132.7068472,46.63453628,2018/8/10,rice,Peak
483,132.7068472,46.63453628,2018/7/23,rice,Maturity
483,132.7068472,46.63453628,2018/9/27,rice,MidSenescence
483,132.7068472,46.63453628,2018/8/30,rice,Senescence
483,132.7068472,46.63453628,2018/10/22,rice,Dormancy
484,126.62058,46.57848092,2018/6/4,rice,Greenup
484,126.62058,46.57848092,2018/6/23,rice,MidGreenup
484,126.62058,46.57848092,2018/8/2,rice,Peak
484,126.62058,46.57848092,2018/7/17,rice,Maturity
484,126.62058,46.57848092,2018/9/18,rice,MidSenescence
484,126.62058,46.57848092,2018/8/21,rice,Senescence
484,126.62058,46.57848092,2018/10/12,rice,Dormancy
485,132.7575115,46.58710483,2018/6/6,rice,Greenup
485,132.7575115,46.58710483,2018/6/27,rice,MidGreenup
485,132.7575115,46.58710483,2018/8/9,rice,Peak
485,132.7575115,46.58710483,2018/7/22,rice,Maturity
485,132.7575115,46.58710483,2018/9/27,rice,MidSenescence
485,132.7575115,46.58710483,2018/8/28,rice,Senescence
485,132.7575115,46.58710483,2018/10/22,rice,Dormancy
486,132.6515989,46.58521863,2018/6/7,rice,Greenup
486,132.6515989,46.58521863,2018/6/27,rice,MidGreenup
486,132.6515989,46.58521863,2018/8/7,rice,Peak
486,132.6515989,46.58521863,2018/7/21,rice,Maturity
486,132.6515989,46.58521863,2018/9/25,rice,MidSenescence
486,132.6515989,46.58521863,2018/8/27,rice,Senescence
486,132.6515989,46.58521863,2018/10/22,rice,Dormancy
487,126.592015,46.46664221,2018/5/22,rice,Greenup
487,126.592015,46.46664221,2018/6/19,rice,MidGreenup
487,126.592015,46.46664221,2018/8/1,rice,Peak
487,126.592015,46.46664221,2018/7/15,rice,Maturity
487,126.592015,46.46664221,2018/9/18,rice,MidSenescence
487,126.592015,46.46664221,2018/8/20,rice,Senescence
487,126.592015,46.46664221,2018/10/16,rice,Dormancy
488,132.4203722,46.39522525,2018/6/9,rice,Greenup
488,132.4203722,46.39522525,2018/6/28,rice,MidGreenup
488,132.4203722,46.39522525,2018/8/6,rice,Peak
488,132.4203722,46.39522525,2018/7/21,rice,Maturity
488,132.4203722,46.39522525,2018/9/23,rice,MidSenescence
488,132.4203722,46.39522525,2018/8/25,rice,Senescence
488,132.4203722,46.39522525,2018/10/18,rice,Dormancy
489,132.3346728,46.40088385,2018/6/8,rice,Greenup
489,132.3346728,46.40088385,2018/6/27,rice,MidGreenup
489,132.3346728,46.40088385,2018/8/5,rice,Peak
489,132.3346728,46.40088385,2018/7/20,rice,Maturity
489,132.3346728,46.40088385,2018/9/25,rice,MidSenescence
489,132.3346728,46.40088385,2018/8/25,rice,Senescence
489,132.3346728,46.40088385,2018/10/22,rice,Dormancy
490,132.7189715,46.4033096,2018/6/3,rice,Greenup
490,132.7189715,46.4033096,2018/6/23,rice,MidGreenup
490,132.7189715,46.4033096,2018/8/4,rice,Peak
490,132.7189715,46.4033096,2018/7/18,rice,Maturity
490,132.7189715,46.4033096,2018/9/24,rice,MidSenescence
490,132.7189715,46.4033096,2018/8/24,rice,Senescence
490,132.7189715,46.4033096,2018/10/25,rice,Dormancy
491,127.9052604,46.33728369,2018/6/6,rice,Greenup
491,127.9052604,46.33728369,2018/6/26,rice,MidGreenup
491,127.9052604,46.33728369,2018/8/4,rice,Peak
491,127.9052604,46.33728369,2018/7/20,rice,Maturity
491,127.9052604,46.33728369,2018/9/19,rice,MidSenescence
491,127.9052604,46.33728369,2018/8/22,rice,Senescence
491,127.9052604,46.33728369,2018/10/17,rice,Dormancy
492,132.2605625,46.18313257,2018/6/9,rice,Greenup
492,132.2605625,46.18313257,2018/6/29,rice,MidGreenup
492,132.2605625,46.18313257,2018/8/9,rice,Peak
492,132.2605625,46.18313257,2018/7/23,rice,Maturity
492,132.2605625,46.18313257,2018/9/28,rice,MidSenescence
492,132.2605625,46.18313257,2018/8/29,rice,Senescence
492,132.2605625,46.18313257,2018/10/24,rice,Dormancy
493,133.2843721,46.16750342,2018/6/5,rice,Greenup
493,133.2843721,46.16750342,2018/6/25,rice,MidGreenup
493,133.2843721,46.16750342,2018/8/8,rice,Peak
493,133.2843721,46.16750342,2018/7/21,rice,Maturity
493,133.2843721,46.16750342,2018/9/28,rice,MidSenescence
493,133.2843721,46.16750342,2018/8/28,rice,Senescence
493,133.2843721,46.16750342,2018/10/25,rice,Dormancy
494,133.465202,46.17450866,2018/6/3,rice,Greenup
494,133.465202,46.17450866,2018/6/27,rice,MidGreenup
494,133.465202,46.17450866,2018/8/10,rice,Peak
494,133.465202,46.17450866,2018/7/23,rice,Maturity
494,133.465202,46.17450866,2018/9/28,rice,MidSenescence
494,133.465202,46.17450866,2018/8/29,rice,Senescence
494,133.465202,46.17450866,2018/10/25,rice,Dormancy
495,130.1894973,46.13866641,2018/6/4,rice,Greenup
495,130.1894973,46.13866641,2018/6/24,rice,MidGreenup
495,130.1894973,46.13866641,2018/8/1,rice,Peak
495,130.1894973,46.13866641,2018/7/16,rice,Maturity
495,130.1894973,46.13866641,2018/9/19,rice,MidSenescence
495,130.1894973,46.13866641,2018/8/20,rice,Senescence
495,130.1894973,46.13866641,2018/10/17,rice,Dormancy
496,133.5444358,46.1136018,2018/6/5,rice,Greenup
496,133.5444358,46.1136018,2018/6/25,rice,MidGreenup
496,133.5444358,46.1136018,2018/8/5,rice,Peak
496,133.5444358,46.1136018,2018/7/19,rice,Maturity
496,133.5444358,46.1136018,2018/9/26,rice,MidSenescence
496,133.5444358,46.1136018,2018/8/26,rice,Senescence
496,133.5444358,46.1136018,2018/10/22,rice,Dormancy
497,133.594293,46.10471036,2018/6/6,rice,Greenup
497,133.594293,46.10471036,2018/6/26,rice,MidGreenup
497,133.594293,46.10471036,2018/8/7,rice,Peak
497,133.594293,46.10471036,2018/7/21,rice,Maturity
497,133.594293,46.10471036,2018/9/25,rice,MidSenescence
497,133.594293,46.10471036,2018/8/26,rice,Senescence
497,133.594293,46.10471036,2018/10/22,rice,Dormancy
498,126.8456085,46.02332284,2018/6/4,rice,Greenup
498,126.8456085,46.02332284,2018/6/24,rice,MidGreenup
498,126.8456085,46.02332284,2018/8/6,rice,Peak
498,126.8456085,46.02332284,2018/7/19,rice,Maturity
498,126.8456085,46.02332284,2018/9/20,rice,MidSenescence
498,126.8456085,46.02332284,2018/8/25,rice,Senescence
498,126.8456085,46.02332284,2018/10/13,rice,Dormancy
499,130.4649226,45.98532238,2018/6/9,rice,Greenup
499,130.4649226,45.98532238,2018/6/29,rice,MidGreenup
499,130.4649226,45.98532238,2018/8/6,rice,Peak
499,130.4649226,45.98532238,2018/7/21,rice,Maturity
499,130.4649226,45.98532238,2018/9/22,rice,MidSenescence
499,130.4649226,45.98532238,2018/8/24,rice,Senescence
499,130.4649226,45.98532238,2018/10/21,rice,Dormancy
500,133.2536489,46.0561998,2018/6/5,rice,Greenup
500,133.2536489,46.0561998,2018/6/25,rice,MidGreenup
500,133.2536489,46.0561998,2018/8/7,rice,Peak
500,133.2536489,46.0561998,2018/7/20,rice,Maturity
500,133.2536489,46.0561998,2018/9/26,rice,MidSenescence
500,133.2536489,46.0561998,2018/8/27,rice,Senescence
500,133.2536489,46.0561998,2018/10/21,rice,Dormancy
501,133.2533813,46.14594366,2018/6/7,rice,Greenup
501,133.2533813,46.14594366,2018/6/29,rice,MidGreenup
501,133.2533813,46.14594366,2018/8/10,rice,Peak
501,133.2533813,46.14594366,2018/7/24,rice,Maturity
501,133.2533813,46.14594366,2018/9/28,rice,MidSenescence
501,133.2533813,46.14594366,2018/8/29,rice,Senescence
501,133.2533813,46.14594366,2018/10/26,rice,Dormancy
502,124.101344,45.88911282,2018/6/8,rice,Greenup
502,124.101344,45.88911282,2018/6/27,rice,MidGreenup
502,124.101344,45.88911282,2018/8/5,rice,Peak
502,124.101344,45.88911282,2018/7/20,rice,Maturity
502,124.101344,45.88911282,2018/9/22,rice,MidSenescence
502,124.101344,45.88911282,2018/8/24,rice,Senescence
502,124.101344,45.88911282,2018/10/19,rice,Dormancy
503,126.821623,46.0343725,2018/6/7,rice,Greenup
503,126.821623,46.0343725,2018/6/27,rice,MidGreenup
503,126.821623,46.0343725,2018/8/6,rice,Peak
503,126.821623,46.0343725,2018/7/21,rice,Maturity
503,126.821623,46.0343725,2018/9/22,rice,MidSenescence
503,126.821623,46.0343725,2018/8/25,rice,Senescence
503,126.821623,46.0343725,2018/10/18,rice,Dormancy
504,133.0959974,46.0429964,2018/6/7,rice,Greenup
504,133.0959974,46.0429964,2018/6/27,rice,MidGreenup
504,133.0959974,46.0429964,2018/8/8,rice,Peak
504,133.0959974,46.0429964,2018/7/22,rice,Maturity
504,133.0959974,46.0429964,2018/9/29,rice,MidSenescence
504,133.0959974,46.0429964,2018/8/28,rice,Senescence
504,133.0959974,46.0429964,2018/10/25,rice,Dormancy
505,126.7814688,45.95217789,2018/6/12,rice,Greenup
505,126.7814688,45.95217789,2018/7/1,rice,MidGreenup
505,126.7814688,45.95217789,2018/8/11,rice,Peak
505,126.7814688,45.95217789,2018/7/25,rice,Maturity
505,126.7814688,45.95217789,2018/9/29,rice,MidSenescence
505,126.7814688,45.95217789,2018/8/31,rice,Senescence
505,126.7814688,45.95217789,2018/10/24,rice,Dormancy
506,128.1426852,45.93897003,2018/6/5,rice,Greenup
506,128.1426852,45.93897003,2018/6/24,rice,MidGreenup
506,128.1426852,45.93897003,2018/7/31,rice,Peak
506,128.1426852,45.93897003,2018/7/15,rice,Maturity
506,128.1426852,45.93897003,2018/9/18,rice,MidSenescence
506,128.1426852,45.93897003,2018/8/18,rice,Senescence
506,128.1426852,45.93897003,2018/10/17,rice,Dormancy
507,133.0216151,45.92064758,2018/6/3,rice,Greenup
507,133.0216151,45.92064758,2018/6/23,rice,MidGreenup
507,133.0216151,45.92064758,2018/8/2,rice,Peak
507,133.0216151,45.92064758,2018/7/16,rice,Maturity
507,133.0216151,45.92064758,2018/9/24,rice,MidSenescence
507,133.0216151,45.92064758,2018/8/22,rice,Senescence
507,133.0216151,45.92064758,2018/10/23,rice,Dormancy
508,128.2108693,45.96592084,2018/6/2,rice,Greenup
508,128.2108693,45.96592084,2018/6/22,rice,MidGreenup
508,128.2108693,45.96592084,2018/8/3,rice,Peak
508,128.2108693,45.96592084,2018/7/17,rice,Maturity
508,128.2108693,45.96592084,2018/9/20,rice,MidSenescence
508,128.2108693,45.96592084,2018/8/21,rice,Senescence
508,128.2108693,45.96592084,2018/10/17,rice,Dormancy
509,133.2447574,45.96052978,2018/6/4,rice,Greenup
509,133.2447574,45.96052978,2018/6/24,rice,MidGreenup
509,133.2447574,45.96052978,2018/8/6,rice,Peak
509,133.2447574,45.96052978,2018/7/19,rice,Maturity
509,133.2447574,45.96052978,2018/9/22,rice,MidSenescence
509,133.2447574,45.96052978,2018/8/25,rice,Senescence
509,133.2447574,45.96052978,2018/10/17,rice,Dormancy
510,128.7657554,45.81419546,2018/6/5,rice,Greenup
510,128.7657554,45.81419546,2018/6/24,rice,MidGreenup
510,128.7657554,45.81419546,2018/8/4,rice,Peak
510,128.7657554,45.81419546,2018/7/18,rice,Maturity
510,128.7657554,45.81419546,2018/9/25,rice,MidSenescence
510,128.7657554,45.81419546,2018/8/24,rice,Senescence
510,128.7657554,45.81419546,2018/10/27,rice,Dormancy
511,125.9605885,45.70316385,2018/6/3,rice,Greenup
511,125.9605885,45.70316385,2018/6/23,rice,MidGreenup
511,125.9605885,45.70316385,2018/8/4,rice,Peak
511,125.9605885,45.70316385,2018/7/18,rice,Maturity
511,125.9605885,45.70316385,2018/9/23,rice,MidSenescence
511,125.9605885,45.70316385,2018/8/25,rice,Senescence
511,125.9605885,45.70316385,2018/10/20,rice,Dormancy
512,126.1292896,45.72418405,2018/6/8,rice,Greenup
512,126.1292896,45.72418405,2018/6/29,rice,MidGreenup
512,126.1292896,45.72418405,2018/8/12,rice,Peak
512,126.1292896,45.72418405,2018/7/25,rice,Maturity
512,126.1292896,45.72418405,2018/10/1,rice,MidSenescence
512,126.1292896,45.72418405,2018/9/1,rice,Senescence
512,126.1292896,45.72418405,2018/10/29,rice,Dormancy
513,132.3338657,45.7171788,2018/6/3,rice,Greenup
513,132.3338657,45.7171788,2018/6/25,rice,MidGreenup
513,132.3338657,45.7171788,2018/8/6,rice,Peak
513,132.3338657,45.7171788,2018/7/20,rice,Maturity
513,132.3338657,45.7171788,2018/9/27,rice,MidSenescence
513,132.3338657,45.7171788,2018/8/26,rice,Senescence
513,132.3338657,45.7171788,2018/10/24,rice,Dormancy
514,132.7356797,45.76999685,2018/6/6,rice,Greenup
514,132.7356797,45.76999685,2018/6/27,rice,MidGreenup
514,132.7356797,45.76999685,2018/8/6,rice,Peak
514,132.7356797,45.76999685,2018/7/20,rice,Maturity
514,132.7356797,45.76999685,2018/9/26,rice,MidSenescence
514,132.7356797,45.76999685,2018/8/26,rice,Senescence
514,132.7356797,45.76999685,2018/10/23,rice,Dormancy
515,126.0832093,45.64171743,2018/6/11,rice,Greenup
515,126.0832093,45.64171743,2018/7/2,rice,MidGreenup
515,126.0832093,45.64171743,2018/8/12,rice,Peak
515,126.0832093,45.64171743,2018/7/26,rice,Maturity
515,126.0832093,45.64171743,2018/9/27,rice,MidSenescence
515,126.0832093,45.64171743,2018/8/31,rice,Senescence
515,126.0832093,45.64171743,2018/10/23,rice,Dormancy
516,126.9884425,45.63929168,2018/6/6,rice,Greenup
516,126.9884425,45.63929168,2018/6/26,rice,MidGreenup
516,126.9884425,45.63929168,2018/8/6,rice,Peak
516,126.9884425,45.63929168,2018/7/20,rice,Maturity
516,126.9884425,45.63929168,2018/9/23,rice,MidSenescence
516,126.9884425,45.63929168,2018/8/26,rice,Senescence
516,126.9884425,45.63929168,2018/10/20,rice,Dormancy
517,133.3662992,45.69750525,2018/6/3,rice,Greenup
517,133.3662992,45.69750525,2018/6/24,rice,MidGreenup
517,133.3662992,45.69750525,2018/8/7,rice,Peak
517,133.3662992,45.69750525,2018/7/20,rice,Maturity
517,133.3662992,45.69750525,2018/9/26,rice,MidSenescence
517,133.3662992,45.69750525,2018/8/27,rice,Senescence
517,133.3662992,45.69750525,2018/10/22,rice,Dormancy
518,133.1011164,45.60452853,2018/6/6,rice,Greenup
518,133.1011164,45.60452853,2018/6/25,rice,MidGreenup
518,133.1011164,45.60452853,2018/8/5,rice,Peak
518,133.1011164,45.60452853,2018/7/19,rice,Maturity
518,133.1011164,45.60452853,2018/9/25,rice,MidSenescence
518,133.1011164,45.60452853,2018/8/26,rice,Senescence
518,133.1011164,45.60452853,2018/10/19,rice,Dormancy
519,128.6342432,45.67837124,2018/6/3,rice,Greenup
519,128.6342432,45.67837124,2018/6/23,rice,MidGreenup
519,128.6342432,45.67837124,2018/8/2,rice,Peak
519,128.6342432,45.67837124,2018/7/16,rice,Maturity
519,128.6342432,45.67837124,2018/9/19,rice,MidSenescence
519,128.6342432,45.67837124,2018/8/20,rice,Senescence
519,128.6342432,45.67837124,2018/10/19,rice,Dormancy
520,128.5744154,45.60533563,2018/6/4,rice,Greenup
520,128.5744154,45.60533563,2018/6/24,rice,MidGreenup
520,128.5744154,45.60533563,2018/8/1,rice,Peak
520,128.5744154,45.60533563,2018/7/17,rice,Maturity
520,128.5744154,45.60533563,2018/9/14,rice,MidSenescence
520,128.5744154,45.60533563,2018/8/18,rice,Senescence
520,128.5744154,45.60533563,2018/10/12,rice,Dormancy
521,132.1573477,45.62258343,2018/6/7,rice,Greenup
521,132.1573477,45.62258343,2018/6/27,rice,MidGreenup
521,132.1573477,45.62258343,2018/8/4,rice,Peak
521,132.1573477,45.62258343,2018/7/20,rice,Maturity
521,132.1573477,45.62258343,2018/9/17,rice,MidSenescence
521,132.1573477,45.62258343,2018/8/21,rice,Senescence
521,132.1573477,45.62258343,2018/10/16,rice,Dormancy
522,133.0717399,45.63471219,2018/6/5,rice,Greenup
522,133.0717399,45.63471219,2018/6/25,rice,MidGreenup
522,133.0717399,45.63471219,2018/8/6,rice,Peak
522,133.0717399,45.63471219,2018/7/20,rice,Maturity
522,133.0717399,45.63471219,2018/9/28,rice,MidSenescence
522,133.0717399,45.63471219,2018/8/27,rice,Senescence
522,133.0717399,45.63471219,2018/10/25,rice,Dormancy
523,128.4504479,45.55305713,2018/6/6,rice,Greenup
523,128.4504479,45.55305713,2018/6/25,rice,MidGreenup
523,128.4504479,45.55305713,2018/8/3,rice,Peak
523,128.4504479,45.55305713,2018/7/18,rice,Maturity
523,128.4504479,45.55305713,2018/9/19,rice,MidSenescence
523,128.4504479,45.55305713,2018/8/21,rice,Senescence
523,128.4504479,45.55305713,2018/10/19,rice,Dormancy
524,132.5861125,45.54685452,2018/6/5,rice,Greenup
524,132.5861125,45.54685452,2018/6/28,rice,MidGreenup
524,132.5861125,45.54685452,2018/8/8,rice,Peak
524,132.5861125,45.54685452,2018/7/22,rice,Maturity
524,132.5861125,45.54685452,2018/9/26,rice,MidSenescence
524,132.5861125,45.54685452,2018/8/28,rice,Senescence
524,132.5861125,45.54685452,2018/10/22,rice,Dormancy
525,132.6127913,45.54335412,2018/6/7,rice,Greenup
525,132.6127913,45.54335412,2018/6/29,rice,MidGreenup
525,132.6127913,45.54335412,2018/8/10,rice,Peak
525,132.6127913,45.54335412,2018/7/24,rice,Maturity
525,132.6127913,45.54335412,2018/9/28,rice,MidSenescence
525,132.6127913,45.54335412,2018/8/30,rice,Senescence
525,132.6127913,45.54335412,2018/10/24,rice,Dormancy
526,132.8989943,45.58054303,2018/6/6,rice,Greenup
526,132.8989943,45.58054303,2018/6/26,rice,MidGreenup
526,132.8989943,45.58054303,2018/8/4,rice,Peak
526,132.8989943,45.58054303,2018/7/19,rice,Maturity
526,132.8989943,45.58054303,2018/9/23,rice,MidSenescence
526,132.8989943,45.58054303,2018/8/23,rice,Senescence
526,132.8989943,45.58054303,2018/10/19,rice,Dormancy
527,124.4277011,45.50212082,2018/6/7,rice,Greenup
527,124.4277011,45.50212082,2018/6/26,rice,MidGreenup
527,124.4277011,45.50212082,2018/8/3,rice,Peak
527,124.4277011,45.50212082,2018/7/18,rice,Maturity
527,124.4277011,45.50212082,2018/9/21,rice,MidSenescence
527,124.4277011,45.50212082,2018/8/22,rice,Senescence
527,124.4277011,45.50212082,2018/10/20,rice,Dormancy
528,125.1890257,45.44391171,2018/6/8,rice,Greenup
528,125.1890257,45.44391171,2018/6/29,rice,MidGreenup
528,125.1890257,45.44391171,2018/8/7,rice,Peak
528,125.1890257,45.44391171,2018/7/22,rice,Maturity
528,125.1890257,45.44391171,2018/9/27,rice,MidSenescence
528,125.1890257,45.44391171,2018/8/26,rice,Senescence
528,125.1890257,45.44391171,2018/10/27,rice,Dormancy
529,128.7708789,45.49349691,2018/6/4,rice,Greenup
529,128.7708789,45.49349691,2018/6/25,rice,MidGreenup
529,128.7708789,45.49349691,2018/8/4,rice,Peak
529,128.7708789,45.49349691,2018/7/19,rice,Maturity
529,128.7708789,45.49349691,2018/9/17,rice,MidSenescence
529,128.7708789,45.49349691,2018/8/21,rice,Senescence
529,128.7708789,45.49349691,2018/10/15,rice,Dormancy
530,133.0555712,45.43824865,2018/6/7,rice,Greenup
530,133.0555712,45.43824865,2018/6/29,rice,MidGreenup
530,133.0555712,45.43824865,2018/8/9,rice,Peak
530,133.0555712,45.43824865,2018/7/23,rice,Maturity
530,133.0555712,45.43824865,2018/9/28,rice,MidSenescence
530,133.0555712,45.43824865,2018/8/29,rice,Senescence
530,133.0555712,45.43824865,2018/10/25,rice,Dormancy
531,132.6389351,45.47840286,2018/6/7,rice,Greenup
531,132.6389351,45.47840286,2018/6/30,rice,MidGreenup
531,132.6389351,45.47840286,2018/8/10,rice,Peak
531,132.6389351,45.47840286,2018/7/24,rice,Maturity
531,132.6389351,45.47840286,2018/9/30,rice,MidSenescence
531,132.6389351,45.47840286,2018/8/30,rice,Senescence
531,132.6389351,45.47840286,2018/10/28,rice,Dormancy
532,131.6285964,45.40186685,2018/6/8,rice,Greenup
532,131.6285964,45.40186685,2018/6/27,rice,MidGreenup
532,131.6285964,45.40186685,2018/8/5,rice,Peak
532,131.6285964,45.40186685,2018/7/20,rice,Maturity
532,131.6285964,45.40186685,2018/9/22,rice,MidSenescence
532,131.6285964,45.40186685,2018/8/24,rice,Senescence
532,131.6285964,45.40186685,2018/10/19,rice,Dormancy
533,131.6765674,45.34554394,2018/6/11,rice,Greenup
533,131.6765674,45.34554394,2018/6/30,rice,MidGreenup
533,131.6765674,45.34554394,2018/8/3,rice,Peak
533,131.6765674,45.34554394,2018/7/20,rice,Maturity
533,131.6765674,45.34554394,2018/9/13,rice,MidSenescence
533,131.6765674,45.34554394,2018/8/18,rice,Senescence
533,131.6765674,45.34554394,2018/10/15,rice,Dormancy
534,132.2400818,45.3652175,2018/6/18,rice,Greenup
534,132.2400818,45.3652175,2018/7/7,rice,MidGreenup
534,132.2400818,45.3652175,2018/8/15,rice,Peak
534,132.2400818,45.3652175,2018/7/30,rice,Maturity
534,132.2400818,45.3652175,2018/10/5,rice,MidSenescence
534,132.2400818,45.3652175,2018/9/5,rice,Senescence
534,132.2400818,45.3652175,2018/11/1,rice,Dormancy
535,132.5764095,45.37330185,2018/6/14,rice,Greenup
535,132.5764095,45.37330185,2018/7/5,rice,MidGreenup
535,132.5764095,45.37330185,2018/8/15,rice,Peak
535,132.5764095,45.37330185,2018/7/29,rice,Maturity
535,132.5764095,45.37330185,2018/10/4,rice,MidSenescence
535,132.5764095,45.37330185,2018/9/5,rice,Senescence
535,132.5764095,45.37330185,2018/10/30,rice,Dormancy
536,131.228129,45.25930493,2018/6/12,rice,Greenup
536,131.228129,45.25930493,2018/6/30,rice,MidGreenup
536,131.228129,45.25930493,2018/8/6,rice,Peak
536,131.228129,45.25930493,2018/7/22,rice,Maturity
536,131.228129,45.25930493,2018/9/22,rice,MidSenescence
536,131.228129,45.25930493,2018/8/25,rice,Senescence
536,131.228129,45.25930493,2018/10/20,rice,Dormancy
537,126.8146178,45.16040207,2018/6/7,rice,Greenup
537,126.8146178,45.16040207,2018/6/28,rice,MidGreenup
537,126.8146178,45.16040207,2018/8/8,rice,Peak
537,126.8146178,45.16040207,2018/7/23,rice,Maturity
537,126.8146178,45.16040207,2018/9/21,rice,MidSenescence
537,126.8146178,45.16040207,2018/8/26,rice,Senescence
537,126.8146178,45.16040207,2018/10/13,rice,Dormancy
538,127.2495808,45.08467315,2018/5/31,rice,Greenup
538,127.2495808,45.08467315,2018/6/21,rice,MidGreenup
538,127.2495808,45.08467315,2018/7/30,rice,Peak
538,127.2495808,45.08467315,2018/7/15,rice,Maturity
538,127.2495808,45.08467315,2018/9/9,rice,MidSenescence
538,127.2495808,45.08467315,2018/8/15,rice,Senescence
538,127.2495808,45.08467315,2018/10/7,rice,Dormancy
539,132.9340294,45.24771572,2018/6/12,rice,Greenup
539,132.9340294,45.24771572,2018/6/30,rice,MidGreenup
539,132.9340294,45.24771572,2018/8/9,rice,Peak
539,132.9340294,45.24771572,2018/7/23,rice,Maturity
539,132.9340294,45.24771572,2018/9/28,rice,MidSenescence
539,132.9340294,45.24771572,2018/8/28,rice,Senescence
539,132.9340294,45.24771572,2018/10/24,rice,Dormancy
540,127.6169037,44.95827993,2018/6/3,rice,Greenup
540,127.6169037,44.95827993,2018/6/22,rice,MidGreenup
540,127.6169037,44.95827993,2018/7/31,rice,Peak
540,127.6169037,44.95827993,2018/7/15,rice,Maturity
540,127.6169037,44.95827993,2018/9/16,rice,MidSenescence
540,127.6169037,44.95827993,2018/8/19,rice,Senescence
540,127.6169037,44.95827993,2018/10/10,rice,Dormancy
541,132.7971261,45.23020037,2018/6/17,rice,Greenup
541,132.7971261,45.23020037,2018/7/5,rice,MidGreenup
541,132.7971261,45.23020037,2018/8/13,rice,Peak
541,132.7971261,45.23020037,2018/7/27,rice,Maturity
541,132.7971261,45.23020037,2018/10/5,rice,MidSenescence
541,132.7971261,45.23020037,2018/9/3,rice,Senescence
541,132.7971261,45.23020037,2018/10/31,rice,Dormancy
542,127.5182684,44.97983969,2018/6/2,rice,Greenup
542,127.5182684,44.97983969,2018/6/22,rice,MidGreenup
542,127.5182684,44.97983969,2018/7/31,rice,Peak
542,127.5182684,44.97983969,2018/7/15,rice,Maturity
542,127.5182684,44.97983969,2018/9/16,rice,MidSenescence
542,127.5182684,44.97983969,2018/8/19,rice,Senescence
542,127.5182684,44.97983969,2018/10/11,rice,Dormancy
543,127.2509274,45.0164935,2018/6/3,rice,Greenup
543,127.2509274,45.0164935,2018/6/26,rice,MidGreenup
543,127.2509274,45.0164935,2018/8/5,rice,Peak
543,127.2509274,45.0164935,2018/7/20,rice,Maturity
543,127.2509274,45.0164935,2018/9/20,rice,MidSenescence
543,127.2509274,45.0164935,2018/8/24,rice,Senescence
543,127.2509274,45.0164935,2018/10/13,rice,Dormancy
544,127.4533171,44.90976937,2018/6/4,rice,Greenup
544,127.4533171,44.90976937,2018/6/24,rice,MidGreenup
544,127.4533171,44.90976937,2018/8/4,rice,Peak
544,127.4533171,44.90976937,2018/7/19,rice,Maturity
544,127.4533171,44.90976937,2018/9/18,rice,MidSenescence
544,127.4533171,44.90976937,2018/8/22,rice,Senescence
544,127.4533171,44.90976937,2018/10/10,rice,Dormancy
545,130.4956414,44.89575888,2018/6/10,rice,Greenup
545,130.4956414,44.89575888,2018/7/1,rice,MidGreenup
545,130.4956414,44.89575888,2018/8/11,rice,Peak
545,130.4956414,44.89575888,2018/7/25,rice,Maturity
545,130.4956414,44.89575888,2018/9/29,rice,MidSenescence
545,130.4956414,44.89575888,2018/8/31,rice,Senescence
545,130.4956414,44.89575888,2018/10/25,rice,Dormancy
546,130.6047868,44.92109103,2018/6/2,rice,Greenup
546,130.6047868,44.92109103,2018/6/26,rice,MidGreenup
546,130.6047868,44.92109103,2018/8/9,rice,Peak
546,130.6047868,44.92109103,2018/7/22,rice,Maturity
546,130.6047868,44.92109103,2018/9/28,rice,MidSenescence
546,130.6047868,44.92109103,2018/8/29,rice,Senescence
546,130.6047868,44.92109103,2018/10/25,rice,Dormancy
547,127.1450149,44.69121099,2018/6/8,rice,Greenup
547,127.1450149,44.69121099,2018/6/30,rice,MidGreenup
547,127.1450149,44.69121099,2018/8/10,rice,Peak
547,127.1450149,44.69121099,2018/7/24,rice,Maturity
547,127.1450149,44.69121099,2018/9/25,rice,MidSenescence
547,127.1450149,44.69121099,2018/8/29,rice,Senescence
547,127.1450149,44.69121099,2018/10/19,rice,Dormancy
548,129.1217611,44.44947421,2018/6/5,rice,Greenup
548,129.1217611,44.44947421,2018/6/25,rice,MidGreenup
548,129.1217611,44.44947421,2018/8/2,rice,Peak
548,129.1217611,44.44947421,2018/7/17,rice,Maturity
548,129.1217611,44.44947421,2018/9/23,rice,MidSenescence
548,129.1217611,44.44947421,2018/8/21,rice,Senescence
548,129.1217611,44.44947421,2018/10/20,rice,Dormancy
549,129.4125436,44.22336657,2018/6/13,rice,Greenup
549,129.4125436,44.22336657,2018/7/1,rice,MidGreenup
549,129.4125436,44.22336657,2018/8/8,rice,Peak
549,129.4125436,44.22336657,2018/7/23,rice,Maturity
549,129.4125436,44.22336657,2018/9/26,rice,MidSenescence
549,129.4125436,44.22336657,2018/8/27,rice,Senescence
549,129.4125436,44.22336657,2018/10/25,rice,Dormancy
550,125.4413791,49.24345433,2018/6/4,corn,Greenup
550,125.4413791,49.24345433,2018/6/27,corn,MidGreenup
550,125.4413791,49.24345433,2018/8/6,corn,Peak
550,125.4413791,49.24345433,2018/7/21,corn,Maturity
550,125.4413791,49.24345433,2018/9/14,corn,MidSenescence
550,125.4413791,49.24345433,2018/8/22,corn,Senescence
550,125.4413791,49.24345433,2018/10/5,corn,Dormancy
551,125.4800517,49.23106133,2018/5/30,corn,Greenup
551,125.4800517,49.23106133,2018/6/25,corn,MidGreenup
551,125.4800517,49.23106133,2018/8/6,corn,Peak
551,125.4800517,49.23106133,2018/7/21,corn,Maturity
551,125.4800517,49.23106133,2018/9/18,corn,MidSenescence
551,125.4800517,49.23106133,2018/8/23,corn,Senescence
551,125.4800517,49.23106133,2018/10/14,corn,Dormancy
552,125.4816533,49.2267783,2018/5/31,corn,Greenup
552,125.4816533,49.2267783,2018/6/26,corn,MidGreenup
552,125.4816533,49.2267783,2018/8/6,corn,Peak
552,125.4816533,49.2267783,2018/7/21,corn,Maturity
552,125.4816533,49.2267783,2018/9/16,corn,MidSenescence
552,125.4816533,49.2267783,2018/8/23,corn,Senescence
552,125.4816533,49.2267783,2018/10/10,corn,Dormancy
553,125.4783036,49.22273323,2018/6/2,corn,Greenup
553,125.4783036,49.22273323,2018/6/27,corn,MidGreenup
553,125.4783036,49.22273323,2018/8/7,corn,Peak
553,125.4783036,49.22273323,2018/7/22,corn,Maturity
553,125.4783036,49.22273323,2018/9/18,corn,MidSenescence
553,125.4783036,49.22273323,2018/8/24,corn,Senescence
553,125.4783036,49.22273323,2018/10/13,corn,Dormancy
554,125.47982,49.21809328,2018/6/3,corn,Greenup
554,125.47982,49.21809328,2018/6/27,corn,MidGreenup
554,125.47982,49.21809328,2018/8/6,corn,Peak
554,125.47982,49.21809328,2018/7/21,corn,Maturity
554,125.47982,49.21809328,2018/9/16,corn,MidSenescence
554,125.47982,49.21809328,2018/8/23,corn,Senescence
554,125.47982,49.21809328,2018/10/11,corn,Dormancy
555,125.4835374,49.21464307,2018/6/3,corn,Greenup
555,125.4835374,49.21464307,2018/6/27,corn,MidGreenup
555,125.4835374,49.21464307,2018/8/6,corn,Peak
555,125.4835374,49.21464307,2018/7/21,corn,Maturity
555,125.4835374,49.21464307,2018/9/16,corn,MidSenescence
555,125.4835374,49.21464307,2018/8/23,corn,Senescence
555,125.4835374,49.21464307,2018/10/11,corn,Dormancy
556,125.3422142,49.08086008,2018/6/10,corn,Greenup
556,125.3422142,49.08086008,2018/6/30,corn,MidGreenup
556,125.3422142,49.08086008,2018/8/6,corn,Peak
556,125.3422142,49.08086008,2018/7/22,corn,Maturity
556,125.3422142,49.08086008,2018/9/17,corn,MidSenescence
556,125.3422142,49.08086008,2018/8/23,corn,Senescence
556,125.3422142,49.08086008,2018/10/12,corn,Dormancy
557,125.3442369,49.07676741,2018/6/6,corn,Greenup
557,125.3442369,49.07676741,2018/6/27,corn,MidGreenup
557,125.3442369,49.07676741,2018/8/4,corn,Peak
557,125.3442369,49.07676741,2018/7/20,corn,Maturity
557,125.3442369,49.07676741,2018/9/16,corn,MidSenescence
557,125.3442369,49.07676741,2018/8/22,corn,Senescence
557,125.3442369,49.07676741,2018/10/10,corn,Dormancy
558,125.4418277,49.09780181,2018/6/1,corn,Greenup
558,125.4418277,49.09780181,2018/6/27,corn,MidGreenup
558,125.4418277,49.09780181,2018/8/6,corn,Peak
558,125.4418277,49.09780181,2018/7/22,corn,Maturity
558,125.4418277,49.09780181,2018/9/16,corn,MidSenescence
558,125.4418277,49.09780181,2018/8/23,corn,Senescence
558,125.4418277,49.09780181,2018/10/11,corn,Dormancy
559,125.4442313,49.09351879,2018/6/4,corn,Greenup
559,125.4442313,49.09351879,2018/6/29,corn,MidGreenup
559,125.4442313,49.09351879,2018/8/6,corn,Peak
559,125.4442313,49.09351879,2018/7/22,corn,Maturity
559,125.4442313,49.09351879,2018/9/17,corn,MidSenescence
559,125.4442313,49.09351879,2018/8/23,corn,Senescence
559,125.4442313,49.09351879,2018/10/14,corn,Dormancy
560,125.418849,48.9853566,2018/5/29,corn,Greenup
560,125.418849,48.9853566,2018/6/21,corn,MidGreenup
560,125.418849,48.9853566,2018/8/1,corn,Peak
560,125.418849,48.9853566,2018/7/15,corn,Maturity
560,125.418849,48.9853566,2018/9/13,corn,MidSenescence
560,125.418849,48.9853566,2018/8/19,corn,Senescence
560,125.418849,48.9853566,2018/10/6,corn,Dormancy
561,125.4154238,48.98135911,2018/6/2,corn,Greenup
561,125.4154238,48.98135911,2018/6/25,corn,MidGreenup
561,125.4154238,48.98135911,2018/8/3,corn,Peak
561,125.4154238,48.98135911,2018/7/18,corn,Maturity
561,125.4154238,48.98135911,2018/9/14,corn,MidSenescence
561,125.4154238,48.98135911,2018/8/21,corn,Senescence
561,125.4154238,48.98135911,2018/10/6,corn,Dormancy
562,125.4224557,48.98143049,2018/6/2,corn,Greenup
562,125.4224557,48.98143049,2018/6/25,corn,MidGreenup
562,125.4224557,48.98143049,2018/8/3,corn,Peak
562,125.4224557,48.98143049,2018/7/18,corn,Maturity
562,125.4224557,48.98143049,2018/9/14,corn,MidSenescence
562,125.4224557,48.98143049,2018/8/21,corn,Senescence
562,125.4224557,48.98143049,2018/10/6,corn,Dormancy
563,125.4097309,48.97671917,2018/6/3,corn,Greenup
563,125.4097309,48.97671917,2018/6/26,corn,MidGreenup
563,125.4097309,48.97671917,2018/8/3,corn,Peak
563,125.4097309,48.97671917,2018/7/19,corn,Maturity
563,125.4097309,48.97671917,2018/9/14,corn,MidSenescence
563,125.4097309,48.97671917,2018/8/21,corn,Senescence
563,125.4097309,48.97671917,2018/10/6,corn,Dormancy
564,125.4179486,48.97721885,2018/6/3,corn,Greenup
564,125.4179486,48.97721885,2018/6/26,corn,MidGreenup
564,125.4179486,48.97721885,2018/8/3,corn,Peak
564,125.4179486,48.97721885,2018/7/19,corn,Maturity
564,125.4179486,48.97721885,2018/9/14,corn,MidSenescence
564,125.4179486,48.97721885,2018/8/21,corn,Senescence
564,125.4179486,48.97721885,2018/10/6,corn,Dormancy
565,125.4242235,48.97707609,2018/5/30,corn,Greenup
565,125.4242235,48.97707609,2018/6/23,corn,MidGreenup
565,125.4242235,48.97707609,2018/8/2,corn,Peak
565,125.4242235,48.97707609,2018/7/17,corn,Maturity
565,125.4242235,48.97707609,2018/9/14,corn,MidSenescence
565,125.4242235,48.97707609,2018/8/21,corn,Senescence
565,125.4242235,48.97707609,2018/10/7,corn,Dormancy
566,125.4306682,48.977433,2018/5/30,corn,Greenup
566,125.4306682,48.977433,2018/6/23,corn,MidGreenup
566,125.4306682,48.977433,2018/8/2,corn,Peak
566,125.4306682,48.977433,2018/7/17,corn,Maturity
566,125.4306682,48.977433,2018/9/14,corn,MidSenescence
566,125.4306682,48.977433,2018/8/21,corn,Senescence
566,125.4306682,48.977433,2018/10/7,corn,Dormancy
567,125.4126816,48.97300721,2018/6/3,corn,Greenup
567,125.4126816,48.97300721,2018/6/26,corn,MidGreenup
567,125.4126816,48.97300721,2018/8/4,corn,Peak
567,125.4126816,48.97300721,2018/7/19,corn,Maturity
567,125.4126816,48.97300721,2018/9/14,corn,MidSenescence
567,125.4126816,48.97300721,2018/8/21,corn,Senescence
567,125.4126816,48.97300721,2018/10/6,corn,Dormancy
568,125.4254381,48.97314998,2018/6/1,corn,Greenup
568,125.4254381,48.97314998,2018/6/23,corn,MidGreenup
568,125.4254381,48.97314998,2018/8/2,corn,Peak
568,125.4254381,48.97314998,2018/7/17,corn,Maturity
568,125.4254381,48.97314998,2018/9/14,corn,MidSenescence
568,125.4254381,48.97314998,2018/8/20,corn,Senescence
568,125.4254381,48.97314998,2018/10/6,corn,Dormancy
569,125.4137882,48.98573731,2018/6/1,corn,Greenup
569,125.4137882,48.98573731,2018/6/24,corn,MidGreenup
569,125.4137882,48.98573731,2018/8/3,corn,Peak
569,125.4137882,48.98573731,2018/7/18,corn,Maturity
569,125.4137882,48.98573731,2018/9/14,corn,MidSenescence
569,125.4137882,48.98573731,2018/8/21,corn,Senescence
569,125.4137882,48.98573731,2018/10/6,corn,Dormancy
570,125.8196969,49.10628664,2018/5/31,corn,Greenup
570,125.8196969,49.10628664,2018/6/24,corn,MidGreenup
570,125.8196969,49.10628664,2018/8/3,corn,Peak
570,125.8196969,49.10628664,2018/7/18,corn,Maturity
570,125.8196969,49.10628664,2018/9/16,corn,MidSenescence
570,125.8196969,49.10628664,2018/8/21,corn,Senescence
570,125.8196969,49.10628664,2018/10/9,corn,Dormancy
571,125.8266028,49.10628664,2018/5/31,corn,Greenup
571,125.8266028,49.10628664,2018/6/23,corn,MidGreenup
571,125.8266028,49.10628664,2018/8/2,corn,Peak
571,125.8266028,49.10628664,2018/7/17,corn,Maturity
571,125.8266028,49.10628664,2018/9/15,corn,MidSenescence
571,125.8266028,49.10628664,2018/8/20,corn,Senescence
571,125.8266028,49.10628664,2018/10/8,corn,Dormancy
572,125.5879819,49.18104939,2018/5/31,corn,Greenup
572,125.5879819,49.18104939,2018/6/24,corn,MidGreenup
572,125.5879819,49.18104939,2018/8/4,corn,Peak
572,125.5879819,49.18104939,2018/7/19,corn,Maturity
572,125.5879819,49.18104939,2018/9/16,corn,MidSenescence
572,125.5879819,49.18104939,2018/8/21,corn,Senescence
572,125.5879819,49.18104939,2018/10/11,corn,Dormancy
573,125.7019307,49.16028636,2018/6/1,corn,Greenup
573,125.7019307,49.16028636,2018/6/25,corn,MidGreenup
573,125.7019307,49.16028636,2018/8/5,corn,Peak
573,125.7019307,49.16028636,2018/7/20,corn,Maturity
573,125.7019307,49.16028636,2018/9/14,corn,MidSenescence
573,125.7019307,49.16028636,2018/8/21,corn,Senescence
573,125.7019307,49.16028636,2018/10/7,corn,Dormancy
574,125.7141526,49.17284661,2018/6/8,corn,Greenup
574,125.7141526,49.17284661,2018/7/1,corn,MidGreenup
574,125.7141526,49.17284661,2018/8/7,corn,Peak
574,125.7141526,49.17284661,2018/7/24,corn,Maturity
574,125.7141526,49.17284661,2018/9/16,corn,MidSenescence
574,125.7141526,49.17284661,2018/8/24,corn,Senescence
574,125.7141526,49.17284661,2018/10/9,corn,Dormancy
575,125.5608741,48.89795119,2018/6/6,corn,Greenup
575,125.5608741,48.89795119,2018/6/27,corn,MidGreenup
575,125.5608741,48.89795119,2018/8/4,corn,Peak
575,125.5608741,48.89795119,2018/7/19,corn,Maturity
575,125.5608741,48.89795119,2018/9/14,corn,MidSenescence
575,125.5608741,48.89795119,2018/8/21,corn,Senescence
575,125.5608741,48.89795119,2018/10/6,corn,Dormancy
576,125.5666982,48.89777987,2018/6/4,corn,Greenup
576,125.5666982,48.89777987,2018/6/25,corn,MidGreenup
576,125.5666982,48.89777987,2018/8/3,corn,Peak
576,125.5666982,48.89777987,2018/7/18,corn,Maturity
576,125.5666982,48.89777987,2018/9/14,corn,MidSenescence
576,125.5666982,48.89777987,2018/8/21,corn,Senescence
576,125.5666982,48.89777987,2018/10/7,corn,Dormancy
577,125.5628549,48.89372528,2018/6/4,corn,Greenup
577,125.5628549,48.89372528,2018/6/25,corn,MidGreenup
577,125.5628549,48.89372528,2018/8/3,corn,Peak
577,125.5628549,48.89372528,2018/7/18,corn,Maturity
577,125.5628549,48.89372528,2018/9/13,corn,MidSenescence
577,125.5628549,48.89372528,2018/8/20,corn,Senescence
577,125.5628549,48.89372528,2018/10/5,corn,Dormancy
578,125.7300324,48.85189849,2018/6/3,corn,Greenup
578,125.7300324,48.85189849,2018/6/25,corn,MidGreenup
578,125.7300324,48.85189849,2018/8/4,corn,Peak
578,125.7300324,48.85189849,2018/7/18,corn,Maturity
578,125.7300324,48.85189849,2018/9/16,corn,MidSenescence
578,125.7300324,48.85189849,2018/8/22,corn,Senescence
578,125.7300324,48.85189849,2018/10/9,corn,Dormancy
579,125.7198534,48.84775824,2018/6/2,corn,Greenup
579,125.7198534,48.84775824,2018/6/25,corn,MidGreenup
579,125.7198534,48.84775824,2018/8/3,corn,Peak
579,125.7198534,48.84775824,2018/7/18,corn,Maturity
579,125.7198534,48.84775824,2018/9/14,corn,MidSenescence
579,125.7198534,48.84775824,2018/8/20,corn,Senescence
579,125.7198534,48.84775824,2018/10/7,corn,Dormancy
580,125.7272251,48.84797239,2018/6/5,corn,Greenup
580,125.7272251,48.84797239,2018/6/27,corn,MidGreenup
580,125.7272251,48.84797239,2018/8/4,corn,Peak
580,125.7272251,48.84797239,2018/7/20,corn,Maturity
580,125.7272251,48.84797239,2018/9/15,corn,MidSenescence
580,125.7272251,48.84797239,2018/8/22,corn,Senescence
580,125.7272251,48.84797239,2018/10/8,corn,Dormancy
581,125.7335497,48.84811516,2018/6/7,corn,Greenup
581,125.7335497,48.84811516,2018/6/28,corn,MidGreenup
581,125.7335497,48.84811516,2018/8/4,corn,Peak
581,125.7335497,48.84811516,2018/7/20,corn,Maturity
581,125.7335497,48.84811516,2018/9/16,corn,MidSenescence
581,125.7335497,48.84811516,2018/8/22,corn,Senescence
581,125.7335497,48.84811516,2018/10/11,corn,Dormancy
582,126.6009659,48.68520998,2018/6/6,corn,Greenup
582,126.6009659,48.68520998,2018/6/29,corn,MidGreenup
582,126.6009659,48.68520998,2018/8/5,corn,Peak
582,126.6009659,48.68520998,2018/7/21,corn,Maturity
582,126.6009659,48.68520998,2018/9/13,corn,MidSenescence
582,126.6009659,48.68520998,2018/8/21,corn,Senescence
582,126.6009659,48.68520998,2018/10/4,corn,Dormancy
583,127.6879707,49.58568126,2018/6/5,corn,Greenup
583,127.6879707,49.58568126,2018/6/27,corn,MidGreenup
583,127.6879707,49.58568126,2018/8/8,corn,Peak
583,127.6879707,49.58568126,2018/7/21,corn,Maturity
583,127.6879707,49.58568126,2018/9/23,corn,MidSenescence
583,127.6879707,49.58568126,2018/8/27,corn,Senescence
583,127.6879707,49.58568126,2018/10/18,corn,Dormancy
584,127.6932478,49.58540978,2018/6/5,corn,Greenup
584,127.6932478,49.58540978,2018/6/27,corn,MidGreenup
584,127.6932478,49.58540978,2018/8/8,corn,Peak
584,127.6932478,49.58540978,2018/7/21,corn,Maturity
584,127.6932478,49.58540978,2018/9/23,corn,MidSenescence
584,127.6932478,49.58540978,2018/8/27,corn,Senescence
584,127.6932478,49.58540978,2018/10/18,corn,Dormancy
585,128.3804152,49.30625052,2018/5/30,corn,Greenup
585,128.3804152,49.30625052,2018/6/23,corn,MidGreenup
585,128.3804152,49.30625052,2018/8/5,corn,Peak
585,128.3804152,49.30625052,2018/7/19,corn,Maturity
585,128.3804152,49.30625052,2018/9/22,corn,MidSenescence
585,128.3804152,49.30625052,2018/8/25,corn,Senescence
585,128.3804152,49.30625052,2018/10/19,corn,Dormancy
586,128.376942,49.30245927,2018/5/30,corn,Greenup
586,128.376942,49.30245927,2018/6/24,corn,MidGreenup
586,128.376942,49.30245927,2018/8/5,corn,Peak
586,128.376942,49.30245927,2018/7/19,corn,Maturity
586,128.376942,49.30245927,2018/9/23,corn,MidSenescence
586,128.376942,49.30245927,2018/8/25,corn,Senescence
586,128.376942,49.30245927,2018/10/21,corn,Dormancy
587,128.2699417,49.29349213,2018/5/28,corn,Greenup
587,128.2699417,49.29349213,2018/6/26,corn,MidGreenup
587,128.2699417,49.29349213,2018/8/9,corn,Peak
587,128.2699417,49.29349213,2018/7/23,corn,Maturity
587,128.2699417,49.29349213,2018/9/24,corn,MidSenescence
587,128.2699417,49.29349213,2018/8/28,corn,Senescence
587,128.2699417,49.29349213,2018/10/19,corn,Dormancy
588,128.1566518,49.23971547,2018/5/31,corn,Greenup
588,128.1566518,49.23971547,2018/6/25,corn,MidGreenup
588,128.1566518,49.23971547,2018/8/4,corn,Peak
588,128.1566518,49.23971547,2018/7/19,corn,Maturity
588,128.1566518,49.23971547,2018/9/17,corn,MidSenescence
588,128.1566518,49.23971547,2018/8/23,corn,Senescence
588,128.1566518,49.23971547,2018/10/11,corn,Dormancy
589,128.1459142,49.24808282,2018/5/28,corn,Greenup
589,128.1459142,49.24808282,2018/6/23,corn,MidGreenup
589,128.1459142,49.24808282,2018/8/4,corn,Peak
589,128.1459142,49.24808282,2018/7/18,corn,Maturity
589,128.1459142,49.24808282,2018/9/20,corn,MidSenescence
589,128.1459142,49.24808282,2018/8/23,corn,Senescence
589,128.1459142,49.24808282,2018/10/14,corn,Dormancy
590,128.1493472,49.25170162,2018/5/30,corn,Greenup
590,128.1493472,49.25170162,2018/6/24,corn,MidGreenup
590,128.1493472,49.25170162,2018/8/5,corn,Peak
590,128.1493472,49.25170162,2018/7/19,corn,Maturity
590,128.1493472,49.25170162,2018/9/21,corn,MidSenescence
590,128.1493472,49.25170162,2018/8/24,corn,Senescence
590,128.1493472,49.25170162,2018/10/14,corn,Dormancy
591,128.0602903,49.11877725,2018/5/31,corn,Greenup
591,128.0602903,49.11877725,2018/6/25,corn,MidGreenup
591,128.0602903,49.11877725,2018/8/3,corn,Peak
591,128.0602903,49.11877725,2018/7/19,corn,Maturity
591,128.0602903,49.11877725,2018/9/12,corn,MidSenescence
591,128.0602903,49.11877725,2018/8/20,corn,Senescence
591,128.0602903,49.11877725,2018/10/4,corn,Dormancy
592,128.0830238,49.1149183,2018/5/27,corn,Greenup
592,128.0830238,49.1149183,2018/6/21,corn,MidGreenup
592,128.0830238,49.1149183,2018/8/1,corn,Peak
592,128.0830238,49.1149183,2018/7/16,corn,Maturity
592,128.0830238,49.1149183,2018/9/12,corn,MidSenescence
592,128.0830238,49.1149183,2018/8/19,corn,Senescence
592,128.0830238,49.1149183,2018/10/4,corn,Dormancy
593,125.3396112,49.19336643,2018/6/3,corn,Greenup
593,125.3396112,49.19336643,2018/6/25,corn,MidGreenup
593,125.3396112,49.19336643,2018/8/3,corn,Peak
593,125.3396112,49.19336643,2018/7/19,corn,Maturity
593,125.3396112,49.19336643,2018/9/15,corn,MidSenescence
593,125.3396112,49.19336643,2018/8/21,corn,Senescence
593,125.3396112,49.19336643,2018/10/10,corn,Dormancy
594,125.3457907,49.19347905,2018/6/3,corn,Greenup
594,125.3457907,49.19347905,2018/6/25,corn,MidGreenup
594,125.3457907,49.19347905,2018/8/3,corn,Peak
594,125.3457907,49.19347905,2018/7/19,corn,Maturity
594,125.3457907,49.19347905,2018/9/15,corn,MidSenescence
594,125.3457907,49.19347905,2018/8/21,corn,Senescence
594,125.3457907,49.19347905,2018/10/10,corn,Dormancy
595,125.3500784,49.19773589,2018/6/6,corn,Greenup
595,125.3500784,49.19773589,2018/6/28,corn,MidGreenup
595,125.3500784,49.19773589,2018/8/4,corn,Peak
595,125.3500784,49.19773589,2018/7/20,corn,Maturity
595,125.3500784,49.19773589,2018/9/14,corn,MidSenescence
595,125.3500784,49.19773589,2018/8/21,corn,Senescence
595,125.3500784,49.19773589,2018/10/8,corn,Dormancy
596,126.0568612,45.82678183,2018/6/11,corn,Greenup
596,126.0568612,45.82678183,2018/7/2,corn,MidGreenup
596,126.0568612,45.82678183,2018/8/13,corn,Peak
596,126.0568612,45.82678183,2018/7/26,corn,Maturity
596,126.0568612,45.82678183,2018/9/30,corn,MidSenescence
596,126.0568612,45.82678183,2018/9/1,corn,Senescence
596,126.0568612,45.82678183,2018/10/26,corn,Dormancy
597,126.084837,45.839769,2018/6/10,corn,Greenup
597,126.084837,45.839769,2018/7/2,corn,MidGreenup
597,126.084837,45.839769,2018/8/11,corn,Peak
597,126.084837,45.839769,2018/7/25,corn,Maturity
597,126.084837,45.839769,2018/9/29,corn,MidSenescence
597,126.084837,45.839769,2018/8/31,corn,Senescence
597,126.084837,45.839769,2018/10/26,corn,Dormancy
598,126.0624732,45.83206423,2018/6/10,corn,Greenup
598,126.0624732,45.83206423,2018/7/1,corn,MidGreenup
598,126.0624732,45.83206423,2018/8/11,corn,Peak
598,126.0624732,45.83206423,2018/7/25,corn,Maturity
598,126.0624732,45.83206423,2018/9/29,corn,MidSenescence
598,126.0624732,45.83206423,2018/8/31,corn,Senescence
598,126.0624732,45.83206423,2018/10/26,corn,Dormancy
599,125.8564806,45.93143057,2018/6/8,corn,Greenup
599,125.8564806,45.93143057,2018/7/1,corn,MidGreenup
599,125.8564806,45.93143057,2018/8/12,corn,Peak
599,125.8564806,45.93143057,2018/7/26,corn,Maturity
599,125.8564806,45.93143057,2018/9/29,corn,MidSenescence
599,125.8564806,45.93143057,2018/9/1,corn,Senescence
599,125.8564806,45.93143057,2018/10/27,corn,Dormancy
600,125.8929783,45.96066934,2018/6/9,corn,Greenup
600,125.8929783,45.96066934,2018/6/30,corn,MidGreenup
600,125.8929783,45.96066934,2018/8/9,corn,Peak
600,125.8929783,45.96066934,2018/7/24,corn,Maturity
600,125.8929783,45.96066934,2018/9/26,corn,MidSenescence
600,125.8929783,45.96066934,2018/8/28,corn,Senescence
600,125.8929783,45.96066934,2018/10/25,corn,Dormancy
601,126.0794812,45.91897899,2018/6/7,corn,Greenup
601,126.0794812,45.91897899,2018/6/30,corn,MidGreenup
601,126.0794812,45.91897899,2018/8/11,corn,Peak
601,126.0794812,45.91897899,2018/7/25,corn,Maturity
601,126.0794812,45.91897899,2018/9/30,corn,MidSenescence
601,126.0794812,45.91897899,2018/9/1,corn,Senescence
601,126.0794812,45.91897899,2018/10/27,corn,Dormancy
602,126.0853183,45.9188976,2018/6/5,corn,Greenup
602,126.0853183,45.9188976,2018/6/27,corn,MidGreenup
602,126.0853183,45.9188976,2018/8/8,corn,Peak
602,126.0853183,45.9188976,2018/7/22,corn,Maturity
602,126.0853183,45.9188976,2018/9/29,corn,MidSenescence
602,126.0853183,45.9188976,2018/8/29,corn,Senescence
602,126.0853183,45.9188976,2018/10/26,corn,Dormancy
603,126.0833457,45.92319946,2018/6/6,corn,Greenup
603,126.0833457,45.92319946,2018/6/29,corn,MidGreenup
603,126.0833457,45.92319946,2018/8/11,corn,Peak
603,126.0833457,45.92319946,2018/7/24,corn,Maturity
603,126.0833457,45.92319946,2018/10/1,corn,MidSenescence
603,126.0833457,45.92319946,2018/9/1,corn,Senescence
603,126.0833457,45.92319946,2018/10/28,corn,Dormancy
604,126.0368788,46.9020776,2018/6/6,corn,Greenup
604,126.0368788,46.9020776,2018/6/27,corn,MidGreenup
604,126.0368788,46.9020776,2018/8/7,corn,Peak
604,126.0368788,46.9020776,2018/7/21,corn,Maturity
604,126.0368788,46.9020776,2018/9/26,corn,MidSenescence
604,126.0368788,46.9020776,2018/8/27,corn,Senescence
604,126.0368788,46.9020776,2018/10/25,corn,Dormancy
605,126.0592524,46.90631995,2018/6/4,corn,Greenup
605,126.0592524,46.90631995,2018/6/29,corn,MidGreenup
605,126.0592524,46.90631995,2018/8/8,corn,Peak
605,126.0592524,46.90631995,2018/7/23,corn,Maturity
605,126.0592524,46.90631995,2018/9/25,corn,MidSenescence
605,126.0592524,46.90631995,2018/8/27,corn,Senescence
605,126.0592524,46.90631995,2018/10/21,corn,Dormancy
606,125.7124209,46.84404015,2018/6/4,corn,Greenup
606,125.7124209,46.84404015,2018/6/25,corn,MidGreenup
606,125.7124209,46.84404015,2018/8/5,corn,Peak
606,125.7124209,46.84404015,2018/7/19,corn,Maturity
606,125.7124209,46.84404015,2018/9/25,corn,MidSenescence
606,125.7124209,46.84404015,2018/8/25,corn,Senescence
606,125.7124209,46.84404015,2018/10/24,corn,Dormancy
607,125.8252303,46.76476894,2018/6/9,corn,Greenup
607,125.8252303,46.76476894,2018/6/30,corn,MidGreenup
607,125.8252303,46.76476894,2018/8/9,corn,Peak
607,125.8252303,46.76476894,2018/7/23,corn,Maturity
607,125.8252303,46.76476894,2018/9/28,corn,MidSenescence
607,125.8252303,46.76476894,2018/8/28,corn,Senescence
607,125.8252303,46.76476894,2018/10/27,corn,Dormancy
608,125.830837,46.76430287,2018/6/9,corn,Greenup
608,125.830837,46.76430287,2018/6/30,corn,MidGreenup
608,125.830837,46.76430287,2018/8/10,corn,Peak
608,125.830837,46.76430287,2018/7/24,corn,Maturity
608,125.830837,46.76430287,2018/9/28,corn,MidSenescence
608,125.830837,46.76430287,2018/8/29,corn,Senescence
608,125.830837,46.76430287,2018/10/26,corn,Dormancy
609,125.8398114,46.76857488,2018/6/9,corn,Greenup
609,125.8398114,46.76857488,2018/7/1,corn,MidGreenup
609,125.8398114,46.76857488,2018/8/10,corn,Peak
609,125.8398114,46.76857488,2018/7/24,corn,Maturity
609,125.8398114,46.76857488,2018/9/29,corn,MidSenescence
609,125.8398114,46.76857488,2018/8/30,corn,Senescence
609,125.8398114,46.76857488,2018/10/26,corn,Dormancy
610,125.8413664,46.74780964,2018/6/8,corn,Greenup
610,125.8413664,46.74780964,2018/6/30,corn,MidGreenup
610,125.8413664,46.74780964,2018/8/11,corn,Peak
610,125.8413664,46.74780964,2018/7/25,corn,Maturity
610,125.8413664,46.74780964,2018/10/1,corn,MidSenescence
610,125.8413664,46.74780964,2018/9/1,corn,Senescence
610,125.8413664,46.74780964,2018/10/29,corn,Dormancy
611,125.8231455,46.74815379,2018/6/6,corn,Greenup
611,125.8231455,46.74815379,2018/6/29,corn,MidGreenup
611,125.8231455,46.74815379,2018/8/9,corn,Peak
611,125.8231455,46.74815379,2018/7/23,corn,Maturity
611,125.8231455,46.74815379,2018/9/28,corn,MidSenescence
611,125.8231455,46.74815379,2018/8/29,corn,Senescence
611,125.8231455,46.74815379,2018/10/26,corn,Dormancy
612,125.8209415,46.73977871,2018/6/3,corn,Greenup
612,125.8209415,46.73977871,2018/6/25,corn,MidGreenup
612,125.8209415,46.73977871,2018/8/6,corn,Peak
612,125.8209415,46.73977871,2018/7/20,corn,Maturity
612,125.8209415,46.73977871,2018/9/28,corn,MidSenescence
612,125.8209415,46.73977871,2018/8/28,corn,Senescence
612,125.8209415,46.73977871,2018/10/27,corn,Dormancy
613,126.0803753,46.56443989,2018/6/4,corn,Greenup
613,126.0803753,46.56443989,2018/6/27,corn,MidGreenup
613,126.0803753,46.56443989,2018/8/9,corn,Peak
613,126.0803753,46.56443989,2018/7/22,corn,Maturity
613,126.0803753,46.56443989,2018/9/29,corn,MidSenescence
613,126.0803753,46.56443989,2018/8/30,corn,Senescence
613,126.0803753,46.56443989,2018/10/26,corn,Dormancy
614,125.1708953,46.24768727,2018/6/6,corn,Greenup
614,125.1708953,46.24768727,2018/6/29,corn,MidGreenup
614,125.1708953,46.24768727,2018/8/10,corn,Peak
614,125.1708953,46.24768727,2018/7/24,corn,Maturity
614,125.1708953,46.24768727,2018/9/25,corn,MidSenescence
614,125.1708953,46.24768727,2018/8/29,corn,Senescence
614,125.1708953,46.24768727,2018/10/20,corn,Dormancy
615,125.2155745,46.22309576,2018/6/8,corn,Greenup
615,125.2155745,46.22309576,2018/7/2,corn,MidGreenup
615,125.2155745,46.22309576,2018/8/12,corn,Peak
615,125.2155745,46.22309576,2018/7/26,corn,Maturity
615,125.2155745,46.22309576,2018/9/26,corn,MidSenescence
615,125.2155745,46.22309576,2018/8/30,corn,Senescence
615,125.2155745,46.22309576,2018/10/21,corn,Dormancy
616,125.3991479,46.26902953,2018/6/4,corn,Greenup
616,125.3991479,46.26902953,2018/6/26,corn,MidGreenup
616,125.3991479,46.26902953,2018/8/7,corn,Peak
616,125.3991479,46.26902953,2018/7/21,corn,Maturity
616,125.3991479,46.26902953,2018/9/26,corn,MidSenescence
616,125.3991479,46.26902953,2018/8/27,corn,Senescence
616,125.3991479,46.26902953,2018/10/23,corn,Dormancy
617,125.3255833,46.28122585,2018/6/7,corn,Greenup
617,125.3255833,46.28122585,2018/6/30,corn,MidGreenup
617,125.3255833,46.28122585,2018/8/9,corn,Peak
617,125.3255833,46.28122585,2018/7/24,corn,Maturity
617,125.3255833,46.28122585,2018/9/24,corn,MidSenescence
617,125.3255833,46.28122585,2018/8/28,corn,Senescence
617,125.3255833,46.28122585,2018/10/19,corn,Dormancy
618,125.4616556,46.40627563,2018/6/7,corn,Greenup
618,125.4616556,46.40627563,2018/7/1,corn,MidGreenup
618,125.4616556,46.40627563,2018/8/12,corn,Peak
618,125.4616556,46.40627563,2018/7/26,corn,Maturity
618,125.4616556,46.40627563,2018/9/28,corn,MidSenescence
618,125.4616556,46.40627563,2018/9/1,corn,Senescence
618,125.4616556,46.40627563,2018/10/24,corn,Dormancy
619,125.7684563,46.69360323,2018/6/7,corn,Greenup
619,125.7684563,46.69360323,2018/6/30,corn,MidGreenup
619,125.7684563,46.69360323,2018/8/11,corn,Peak
619,125.7684563,46.69360323,2018/7/25,corn,Maturity
619,125.7684563,46.69360323,2018/9/27,corn,MidSenescence
619,125.7684563,46.69360323,2018/8/30,corn,Senescence
619,125.7684563,46.69360323,2018/10/24,corn,Dormancy
620,125.6322756,46.70581486,2018/6/8,corn,Greenup
620,125.6322756,46.70581486,2018/6/30,corn,MidGreenup
620,125.6322756,46.70581486,2018/8/9,corn,Peak
620,125.6322756,46.70581486,2018/7/24,corn,Maturity
620,125.6322756,46.70581486,2018/9/22,corn,MidSenescence
620,125.6322756,46.70581486,2018/8/27,corn,Senescence
620,125.6322756,46.70581486,2018/10/19,corn,Dormancy
621,125.6303642,46.70209655,2018/6/1,corn,Greenup
621,125.6303642,46.70209655,2018/6/28,corn,MidGreenup
621,125.6303642,46.70209655,2018/8/8,corn,Peak
621,125.6303642,46.70209655,2018/7/23,corn,Maturity
621,125.6303642,46.70209655,2018/9/21,corn,MidSenescence
621,125.6303642,46.70209655,2018/8/26,corn,Senescence
621,125.6303642,46.70209655,2018/10/17,corn,Dormancy
622,125.880556,45.9318009,2018/6/9,corn,Greenup
622,125.880556,45.9318009,2018/7/2,corn,MidGreenup
622,125.880556,45.9318009,2018/8/12,corn,Peak
622,125.880556,45.9318009,2018/7/26,corn,Maturity
622,125.880556,45.9318009,2018/9/28,corn,MidSenescence
622,125.880556,45.9318009,2018/8/31,corn,Senescence
622,125.880556,45.9318009,2018/10/25,corn,Dormancy
623,125.8772423,45.93536734,2018/6/7,corn,Greenup
623,125.8772423,45.93536734,2018/7/1,corn,MidGreenup
623,125.8772423,45.93536734,2018/8/11,corn,Peak
623,125.8772423,45.93536734,2018/7/26,corn,Maturity
623,125.8772423,45.93536734,2018/9/26,corn,MidSenescence
623,125.8772423,45.93536734,2018/8/30,corn,Senescence
623,125.8772423,45.93536734,2018/10/24,corn,Dormancy
624,125.9847601,45.24806837,2018/6/9,corn,Greenup
624,125.9847601,45.24806837,2018/7/1,corn,MidGreenup
624,125.9847601,45.24806837,2018/8/10,corn,Peak
624,125.9847601,45.24806837,2018/7/25,corn,Maturity
624,125.9847601,45.24806837,2018/9/28,corn,MidSenescence
624,125.9847601,45.24806837,2018/8/30,corn,Senescence
624,125.9847601,45.24806837,2018/10/24,corn,Dormancy
625,125.9900754,45.24758625,2018/6/8,corn,Greenup
625,125.9900754,45.24758625,2018/6/30,corn,MidGreenup
625,125.9900754,45.24758625,2018/8/10,corn,Peak
625,125.9900754,45.24758625,2018/7/24,corn,Maturity
625,125.9900754,45.24758625,2018/9/27,corn,MidSenescence
625,125.9900754,45.24758625,2018/8/29,corn,Senescence
625,125.9900754,45.24758625,2018/10/24,corn,Dormancy
626,125.9973099,45.25128336,2018/6/7,corn,Greenup
626,125.9973099,45.25128336,2018/6/30,corn,MidGreenup
626,125.9973099,45.25128336,2018/8/12,corn,Peak
626,125.9973099,45.25128336,2018/7/26,corn,Maturity
626,125.9973099,45.25128336,2018/9/29,corn,MidSenescence
626,125.9973099,45.25128336,2018/8/31,corn,Senescence
626,125.9973099,45.25128336,2018/10/25,corn,Dormancy
627,125.9880405,45.25198375,2018/6/4,corn,Greenup
627,125.9880405,45.25198375,2018/6/27,corn,MidGreenup
627,125.9880405,45.25198375,2018/8/9,corn,Peak
627,125.9880405,45.25198375,2018/7/22,corn,Maturity
627,125.9880405,45.25198375,2018/9/27,corn,MidSenescence
627,125.9880405,45.25198375,2018/8/28,corn,Senescence
627,125.9880405,45.25198375,2018/10/25,corn,Dormancy
628,126.0325028,45.22680337,2018/6/6,corn,Greenup
628,126.0325028,45.22680337,2018/6/28,corn,MidGreenup
628,126.0325028,45.22680337,2018/8/8,corn,Peak
628,126.0325028,45.22680337,2018/7/22,corn,Maturity
628,126.0325028,45.22680337,2018/9/25,corn,MidSenescence
628,126.0325028,45.22680337,2018/8/27,corn,Senescence
628,126.0325028,45.22680337,2018/10/23,corn,Dormancy
629,126.0289741,45.2167225,2018/6/9,corn,Greenup
629,126.0289741,45.2167225,2018/7/1,corn,MidGreenup
629,126.0289741,45.2167225,2018/8/12,corn,Peak
629,126.0289741,45.2167225,2018/7/26,corn,Maturity
629,126.0289741,45.2167225,2018/9/30,corn,MidSenescence
629,126.0289741,45.2167225,2018/9/1,corn,Senescence
629,126.0289741,45.2167225,2018/10/26,corn,Dormancy
630,126.1023755,45.21612224,2018/6/11,corn,Greenup
630,126.1023755,45.21612224,2018/7/2,corn,MidGreenup
630,126.1023755,45.21612224,2018/8/9,corn,Peak
630,126.1023755,45.21612224,2018/7/24,corn,Maturity
630,126.1023755,45.21612224,2018/9/26,corn,MidSenescence
630,126.1023755,45.21612224,2018/8/28,corn,Senescence
630,126.1023755,45.21612224,2018/10/24,corn,Dormancy
631,126.1273147,45.22698788,2018/6/8,corn,Greenup
631,126.1273147,45.22698788,2018/6/29,corn,MidGreenup
631,126.1273147,45.22698788,2018/8/9,corn,Peak
631,126.1273147,45.22698788,2018/7/24,corn,Maturity
631,126.1273147,45.22698788,2018/9/26,corn,MidSenescence
631,126.1273147,45.22698788,2018/8/28,corn,Senescence
631,126.1273147,45.22698788,2018/10/23,corn,Dormancy
632,126.1394627,45.26100776,2018/6/13,corn,Greenup
632,126.1394627,45.26100776,2018/7/3,corn,MidGreenup
632,126.1394627,45.26100776,2018/8/11,corn,Peak
632,126.1394627,45.26100776,2018/7/26,corn,Maturity
632,126.1394627,45.26100776,2018/9/27,corn,MidSenescence
632,126.1394627,45.26100776,2018/8/29,corn,Senescence
632,126.1394627,45.26100776,2018/10/23,corn,Dormancy
633,126.088063,45.28130906,2018/6/4,corn,Greenup
633,126.088063,45.28130906,2018/6/24,corn,MidGreenup
633,126.088063,45.28130906,2018/8/4,corn,Peak
633,126.088063,45.28130906,2018/7/18,corn,Maturity
633,126.088063,45.28130906,2018/9/20,corn,MidSenescence
633,126.088063,45.28130906,2018/8/23,corn,Senescence
633,126.088063,45.28130906,2018/10/14,corn,Dormancy
634,126.0946254,45.28101219,2018/6/4,corn,Greenup
634,126.0946254,45.28101219,2018/6/24,corn,MidGreenup
634,126.0946254,45.28101219,2018/8/5,corn,Peak
634,126.0946254,45.28101219,2018/7/19,corn,Maturity
634,126.0946254,45.28101219,2018/9/21,corn,MidSenescence
634,126.0946254,45.28101219,2018/8/24,corn,Senescence
634,126.0946254,45.28101219,2018/10/14,corn,Dormancy
635,126.0752983,45.34000468,2018/6/10,corn,Greenup
635,126.0752983,45.34000468,2018/7/2,corn,MidGreenup
635,126.0752983,45.34000468,2018/8/10,corn,Peak
635,126.0752983,45.34000468,2018/7/25,corn,Maturity
635,126.0752983,45.34000468,2018/9/25,corn,MidSenescence
635,126.0752983,45.34000468,2018/8/29,corn,Senescence
635,126.0752983,45.34000468,2018/10/21,corn,Dormancy
636,126.1542851,45.34844694,2018/6/12,corn,Greenup
636,126.1542851,45.34844694,2018/7/3,corn,MidGreenup
636,126.1542851,45.34844694,2018/8/12,corn,Peak
636,126.1542851,45.34844694,2018/7/27,corn,Maturity
636,126.1542851,45.34844694,2018/9/29,corn,MidSenescence
636,126.1542851,45.34844694,2018/8/31,corn,Senescence
636,126.1542851,45.34844694,2018/10/27,corn,Dormancy
637,126.1285934,45.34498636,2018/6/9,corn,Greenup
637,126.1285934,45.34498636,2018/7/1,corn,MidGreenup
637,126.1285934,45.34498636,2018/8/11,corn,Peak
637,126.1285934,45.34498636,2018/7/25,corn,Maturity
637,126.1285934,45.34498636,2018/9/27,corn,MidSenescence
637,126.1285934,45.34498636,2018/8/31,corn,Senescence
637,126.1285934,45.34498636,2018/10/24,corn,Dormancy
638,126.1419119,45.34610895,2018/6/10,corn,Greenup
638,126.1419119,45.34610895,2018/7/1,corn,MidGreenup
638,126.1419119,45.34610895,2018/8/11,corn,Peak
638,126.1419119,45.34610895,2018/7/25,corn,Maturity
638,126.1419119,45.34610895,2018/9/27,corn,MidSenescence
638,126.1419119,45.34610895,2018/8/30,corn,Senescence
638,126.1419119,45.34610895,2018/10/25,corn,Dormancy
639,126.1524664,45.35522539,2018/6/12,corn,Greenup
639,126.1524664,45.35522539,2018/7/2,corn,MidGreenup
639,126.1524664,45.35522539,2018/8/10,corn,Peak
639,126.1524664,45.35522539,2018/7/25,corn,Maturity
639,126.1524664,45.35522539,2018/9/23,corn,MidSenescence
639,126.1524664,45.35522539,2018/8/28,corn,Senescence
639,126.1524664,45.35522539,2018/10/15,corn,Dormancy
640,126.1758661,45.34630023,2018/6/11,corn,Greenup
640,126.1758661,45.34630023,2018/7/3,corn,MidGreenup
640,126.1758661,45.34630023,2018/8/12,corn,Peak
640,126.1758661,45.34630023,2018/7/27,corn,Maturity
640,126.1758661,45.34630023,2018/9/29,corn,MidSenescence
640,126.1758661,45.34630023,2018/9/1,corn,Senescence
640,126.1758661,45.34630023,2018/10/25,corn,Dormancy
641,126.1913727,45.35027365,2018/6/13,corn,Greenup
641,126.1913727,45.35027365,2018/7/3,corn,MidGreenup
641,126.1913727,45.35027365,2018/8/11,corn,Peak
641,126.1913727,45.35027365,2018/7/26,corn,Maturity
641,126.1913727,45.35027365,2018/9/28,corn,MidSenescence
641,126.1913727,45.35027365,2018/8/30,corn,Senescence
641,126.1913727,45.35027365,2018/10/25,corn,Dormancy
642,126.2000685,45.34425457,2018/6/12,corn,Greenup
642,126.2000685,45.34425457,2018/7/3,corn,MidGreenup
642,126.2000685,45.34425457,2018/8/11,corn,Peak
642,126.2000685,45.34425457,2018/7/26,corn,Maturity
642,126.2000685,45.34425457,2018/9/28,corn,MidSenescence
642,126.2000685,45.34425457,2018/8/30,corn,Senescence
642,126.2000685,45.34425457,2018/10/25,corn,Dormancy
643,126.2000251,45.36444034,2018/6/9,corn,Greenup
643,126.2000251,45.36444034,2018/6/29,corn,MidGreenup
643,126.2000251,45.36444034,2018/8/7,corn,Peak
643,126.2000251,45.36444034,2018/7/22,corn,Maturity
643,126.2000251,45.36444034,2018/9/26,corn,MidSenescence
643,126.2000251,45.36444034,2018/8/27,corn,Senescence
643,126.2000251,45.36444034,2018/10/23,corn,Dormancy
644,126.2160983,45.36488155,2018/6/9,corn,Greenup
644,126.2160983,45.36488155,2018/6/29,corn,MidGreenup
644,126.2160983,45.36488155,2018/8/8,corn,Peak
644,126.2160983,45.36488155,2018/7/22,corn,Maturity
644,126.2160983,45.36488155,2018/9/26,corn,MidSenescence
644,126.2160983,45.36488155,2018/8/28,corn,Senescence
644,126.2160983,45.36488155,2018/10/23,corn,Dormancy
645,126.2328562,45.35214243,2018/6/6,corn,Greenup
645,126.2328562,45.35214243,2018/6/27,corn,MidGreenup
645,126.2328562,45.35214243,2018/8/8,corn,Peak
645,126.2328562,45.35214243,2018/7/21,corn,Maturity
645,126.2328562,45.35214243,2018/9/27,corn,MidSenescence
645,126.2328562,45.35214243,2018/8/28,corn,Senescence
645,126.2328562,45.35214243,2018/10/24,corn,Dormancy
646,126.1567131,45.37690012,2018/6/8,corn,Greenup
646,126.1567131,45.37690012,2018/6/28,corn,MidGreenup
646,126.1567131,45.37690012,2018/8/6,corn,Peak
646,126.1567131,45.37690012,2018/7/21,corn,Maturity
646,126.1567131,45.37690012,2018/9/24,corn,MidSenescence
646,126.1567131,45.37690012,2018/8/25,corn,Senescence
646,126.1567131,45.37690012,2018/10/22,corn,Dormancy
647,126.1503472,45.37332495,2018/6/11,corn,Greenup
647,126.1503472,45.37332495,2018/7/1,corn,MidGreenup
647,126.1503472,45.37332495,2018/8/9,corn,Peak
647,126.1503472,45.37332495,2018/7/24,corn,Maturity
647,126.1503472,45.37332495,2018/9/22,corn,MidSenescence
647,126.1503472,45.37332495,2018/8/27,corn,Senescence
647,126.1503472,45.37332495,2018/10/14,corn,Dormancy
648,126.1587801,45.37154374,2018/6/10,corn,Greenup
648,126.1587801,45.37154374,2018/6/30,corn,MidGreenup
648,126.1587801,45.37154374,2018/8/7,corn,Peak
648,126.1587801,45.37154374,2018/7/22,corn,Maturity
648,126.1587801,45.37154374,2018/9/23,corn,MidSenescence
648,126.1587801,45.37154374,2018/8/26,corn,Senescence
648,126.1587801,45.37154374,2018/10/20,corn,Dormancy
649,126.1847894,45.3804069,2018/6/9,corn,Greenup
649,126.1847894,45.3804069,2018/6/30,corn,MidGreenup
649,126.1847894,45.3804069,2018/8/9,corn,Peak
649,126.1847894,45.3804069,2018/7/23,corn,Maturity
649,126.1847894,45.3804069,2018/9/28,corn,MidSenescence
649,126.1847894,45.3804069,2018/8/29,corn,Senescence
649,126.1847894,45.3804069,2018/10/26,corn,Dormancy
650,126.1505413,45.39505214,2018/6/10,corn,Greenup
650,126.1505413,45.39505214,2018/7/1,corn,MidGreenup
650,126.1505413,45.39505214,2018/8/11,corn,Peak
650,126.1505413,45.39505214,2018/7/25,corn,Maturity
650,126.1505413,45.39505214,2018/10/2,corn,MidSenescence
650,126.1505413,45.39505214,2018/9/1,corn,Senescence
650,126.1505413,45.39505214,2018/10/30,corn,Dormancy
651,126.1110606,45.39786207,2018/6/8,corn,Greenup
651,126.1110606,45.39786207,2018/6/30,corn,MidGreenup
651,126.1110606,45.39786207,2018/8/9,corn,Peak
651,126.1110606,45.39786207,2018/7/23,corn,Maturity
651,126.1110606,45.39786207,2018/9/28,corn,MidSenescence
651,126.1110606,45.39786207,2018/8/29,corn,Senescence
651,126.1110606,45.39786207,2018/10/25,corn,Dormancy
652,126.1019448,45.38727375,2018/6/10,corn,Greenup
652,126.1019448,45.38727375,2018/7/1,corn,MidGreenup
652,126.1019448,45.38727375,2018/8/11,corn,Peak
652,126.1019448,45.38727375,2018/7/25,corn,Maturity
652,126.1019448,45.38727375,2018/9/28,corn,MidSenescence
652,126.1019448,45.38727375,2018/8/30,corn,Senescence
652,126.1019448,45.38727375,2018/10/24,corn,Dormancy
653,126.0635407,45.38962114,2018/6/15,corn,Greenup
653,126.0635407,45.38962114,2018/7/5,corn,MidGreenup
653,126.0635407,45.38962114,2018/8/13,corn,Peak
653,126.0635407,45.38962114,2018/7/28,corn,Maturity
653,126.0635407,45.38962114,2018/10/2,corn,MidSenescence
653,126.0635407,45.38962114,2018/9/2,corn,Senescence
653,126.0635407,45.38962114,2018/10/29,corn,Dormancy
654,126.043094,45.40225507,2018/6/10,corn,Greenup
654,126.043094,45.40225507,2018/7/4,corn,MidGreenup
654,126.043094,45.40225507,2018/8/15,corn,Peak
654,126.043094,45.40225507,2018/7/28,corn,Maturity
654,126.043094,45.40225507,2018/10/3,corn,MidSenescence
654,126.043094,45.40225507,2018/9/4,corn,Senescence
654,126.043094,45.40225507,2018/10/29,corn,Dormancy
655,126.3171999,45.55676187,2018/6/11,corn,Greenup
655,126.3171999,45.55676187,2018/7/2,corn,MidGreenup
655,126.3171999,45.55676187,2018/8/14,corn,Peak
655,126.3171999,45.55676187,2018/7/27,corn,Maturity
655,126.3171999,45.55676187,2018/10/4,corn,MidSenescence
655,126.3171999,45.55676187,2018/9/4,corn,Senescence
655,126.3171999,45.55676187,2018/11/2,corn,Dormancy
656,126.3306547,45.55956129,2018/6/11,corn,Greenup
656,126.3306547,45.55956129,2018/7/3,corn,MidGreenup
656,126.3306547,45.55956129,2018/8/14,corn,Peak
656,126.3306547,45.55956129,2018/7/27,corn,Maturity
656,126.3306547,45.55956129,2018/10/5,corn,MidSenescence
656,126.3306547,45.55956129,2018/9/4,corn,Senescence
656,126.3306547,45.55956129,2018/11/2,corn,Dormancy
657,126.3054202,45.56515353,2018/6/12,corn,Greenup
657,126.3054202,45.56515353,2018/7/2,corn,MidGreenup
657,126.3054202,45.56515353,2018/8/13,corn,Peak
657,126.3054202,45.56515353,2018/7/26,corn,Maturity
657,126.3054202,45.56515353,2018/10/3,corn,MidSenescence
657,126.3054202,45.56515353,2018/9/3,corn,Senescence
657,126.3054202,45.56515353,2018/10/31,corn,Dormancy
658,126.3528569,45.57372465,2018/6/15,corn,Greenup
658,126.3528569,45.57372465,2018/7/6,corn,MidGreenup
658,126.3528569,45.57372465,2018/8/16,corn,Peak
658,126.3528569,45.57372465,2018/7/29,corn,Maturity
658,126.3528569,45.57372465,2018/10/7,corn,MidSenescence
658,126.3528569,45.57372465,2018/9/5,corn,Senescence
658,126.3528569,45.57372465,2018/11/6,corn,Dormancy
659,126.3495918,45.5826801,2018/6/14,corn,Greenup
659,126.3495918,45.5826801,2018/7/5,corn,MidGreenup
659,126.3495918,45.5826801,2018/8/15,corn,Peak
659,126.3495918,45.5826801,2018/7/29,corn,Maturity
659,126.3495918,45.5826801,2018/10/5,corn,MidSenescence
659,126.3495918,45.5826801,2018/9/4,corn,Senescence
659,126.3495918,45.5826801,2018/11/4,corn,Dormancy
660,126.347939,45.60163849,2018/6/14,corn,Greenup
660,126.347939,45.60163849,2018/7/5,corn,MidGreenup
660,126.347939,45.60163849,2018/8/15,corn,Peak
660,126.347939,45.60163849,2018/7/28,corn,Maturity
660,126.347939,45.60163849,2018/10/7,corn,MidSenescence
660,126.347939,45.60163849,2018/9/6,corn,Senescence
660,126.347939,45.60163849,2018/11/6,corn,Dormancy
661,126.3366379,45.60216003,2018/6/15,corn,Greenup
661,126.3366379,45.60216003,2018/7/5,corn,MidGreenup
661,126.3366379,45.60216003,2018/8/15,corn,Peak
661,126.3366379,45.60216003,2018/7/29,corn,Maturity
661,126.3366379,45.60216003,2018/10/7,corn,MidSenescence
661,126.3366379,45.60216003,2018/9/5,corn,Senescence
661,126.3366379,45.60216003,2018/11/6,corn,Dormancy
662,126.4276085,45.59835999,2018/6/12,corn,Greenup
662,126.4276085,45.59835999,2018/7/4,corn,MidGreenup
662,126.4276085,45.59835999,2018/8/14,corn,Peak
662,126.4276085,45.59835999,2018/7/27,corn,Maturity
662,126.4276085,45.59835999,2018/10/3,corn,MidSenescence
662,126.4276085,45.59835999,2018/9/3,corn,Senescence
662,126.4276085,45.59835999,2018/10/30,corn,Dormancy
663,126.5248568,45.61700303,2018/6/13,corn,Greenup
663,126.5248568,45.61700303,2018/7/5,corn,MidGreenup
663,126.5248568,45.61700303,2018/8/14,corn,Peak
663,126.5248568,45.61700303,2018/7/28,corn,Maturity
663,126.5248568,45.61700303,2018/10/5,corn,MidSenescence
663,126.5248568,45.61700303,2018/9/4,corn,Senescence
663,126.5248568,45.61700303,2018/11/1,corn,Dormancy
664,126.5547,45.60978972,2018/6/13,corn,Greenup
664,126.5547,45.60978972,2018/7/4,corn,MidGreenup
664,126.5547,45.60978972,2018/8/14,corn,Peak
664,126.5547,45.60978972,2018/7/27,corn,Maturity
664,126.5547,45.60978972,2018/10/5,corn,MidSenescence
664,126.5547,45.60978972,2018/9/4,corn,Senescence
664,126.5547,45.60978972,2018/11/2,corn,Dormancy
665,126.4930066,45.63968603,2018/6/20,corn,Greenup
665,126.4930066,45.63968603,2018/7/9,corn,MidGreenup
665,126.4930066,45.63968603,2018/8/17,corn,Peak
665,126.4930066,45.63968603,2018/8/1,corn,Maturity
665,126.4930066,45.63968603,2018/10/4,corn,MidSenescence
665,126.4930066,45.63968603,2018/9/6,corn,Senescence
665,126.4930066,45.63968603,2018/10/29,corn,Dormancy
666,126.5116361,45.64780701,2018/6/18,corn,Greenup
666,126.5116361,45.64780701,2018/7/7,corn,MidGreenup
666,126.5116361,45.64780701,2018/8/16,corn,Peak
666,126.5116361,45.64780701,2018/7/30,corn,Maturity
666,126.5116361,45.64780701,2018/10/4,corn,MidSenescence
666,126.5116361,45.64780701,2018/9/5,corn,Senescence
666,126.5116361,45.64780701,2018/10/29,corn,Dormancy
667,126.5028486,45.64438565,2018/6/20,corn,Greenup
667,126.5028486,45.64438565,2018/7/9,corn,MidGreenup
667,126.5028486,45.64438565,2018/8/16,corn,Peak
667,126.5028486,45.64438565,2018/7/31,corn,Maturity
667,126.5028486,45.64438565,2018/10/2,corn,MidSenescence
667,126.5028486,45.64438565,2018/9/4,corn,Senescence
667,126.5028486,45.64438565,2018/10/26,corn,Dormancy
668,126.9893618,46.46051573,2018/6/7,corn,Greenup
668,126.9893618,46.46051573,2018/6/29,corn,MidGreenup
668,126.9893618,46.46051573,2018/8/9,corn,Peak
668,126.9893618,46.46051573,2018/7/23,corn,Maturity
668,126.9893618,46.46051573,2018/9/28,corn,MidSenescence
668,126.9893618,46.46051573,2018/8/29,corn,Senescence
668,126.9893618,46.46051573,2018/10/25,corn,Dormancy
669,126.9943103,46.46823009,2018/6/8,corn,Greenup
669,126.9943103,46.46823009,2018/6/30,corn,MidGreenup
669,126.9943103,46.46823009,2018/8/9,corn,Peak
669,126.9943103,46.46823009,2018/7/23,corn,Maturity
669,126.9943103,46.46823009,2018/9/26,corn,MidSenescence
669,126.9943103,46.46823009,2018/8/28,corn,Senescence
669,126.9943103,46.46823009,2018/10/23,corn,Dormancy
670,126.9847562,46.46879251,2018/6/7,corn,Greenup
670,126.9847562,46.46879251,2018/6/29,corn,MidGreenup
670,126.9847562,46.46879251,2018/8/9,corn,Peak
670,126.9847562,46.46879251,2018/7/23,corn,Maturity
670,126.9847562,46.46879251,2018/9/28,corn,MidSenescence
670,126.9847562,46.46879251,2018/8/29,corn,Senescence
670,126.9847562,46.46879251,2018/10/25,corn,Dormancy
671,126.9958298,46.46074682,2018/6/7,corn,Greenup
671,126.9958298,46.46074682,2018/6/29,corn,MidGreenup
671,126.9958298,46.46074682,2018/8/10,corn,Peak
671,126.9958298,46.46074682,2018/7/23,corn,Maturity
671,126.9958298,46.46074682,2018/9/28,corn,MidSenescence
671,126.9958298,46.46074682,2018/8/29,corn,Senescence
671,126.9958298,46.46074682,2018/10/24,corn,Dormancy
672,127.0181855,46.47230775,2018/6/8,corn,Greenup
672,127.0181855,46.47230775,2018/6/30,corn,MidGreenup
672,127.0181855,46.47230775,2018/8/10,corn,Peak
672,127.0181855,46.47230775,2018/7/24,corn,Maturity
672,127.0181855,46.47230775,2018/9/29,corn,MidSenescence
672,127.0181855,46.47230775,2018/8/30,corn,Senescence
672,127.0181855,46.47230775,2018/10/25,corn,Dormancy
673,127.0707721,46.48524826,2018/6/6,corn,Greenup
673,127.0707721,46.48524826,2018/6/28,corn,MidGreenup
673,127.0707721,46.48524826,2018/8/10,corn,Peak
673,127.0707721,46.48524826,2018/7/23,corn,Maturity
673,127.0707721,46.48524826,2018/9/28,corn,MidSenescence
673,127.0707721,46.48524826,2018/8/30,corn,Senescence
673,127.0707721,46.48524826,2018/10/24,corn,Dormancy
674,127.060087,46.46511008,2018/6/5,corn,Greenup
674,127.060087,46.46511008,2018/6/26,corn,MidGreenup
674,127.060087,46.46511008,2018/8/7,corn,Peak
674,127.060087,46.46511008,2018/7/20,corn,Maturity
674,127.060087,46.46511008,2018/9/26,corn,MidSenescence
674,127.060087,46.46511008,2018/8/27,corn,Senescence
674,127.060087,46.46511008,2018/10/22,corn,Dormancy
675,127.0288911,46.47724593,2018/6/7,corn,Greenup
675,127.0288911,46.47724593,2018/6/29,corn,MidGreenup
675,127.0288911,46.47724593,2018/8/10,corn,Peak
675,127.0288911,46.47724593,2018/7/23,corn,Maturity
675,127.0288911,46.47724593,2018/9/28,corn,MidSenescence
675,127.0288911,46.47724593,2018/8/30,corn,Senescence
675,127.0288911,46.47724593,2018/10/24,corn,Dormancy
676,126.9989729,46.48555622,2018/6/9,corn,Greenup
676,126.9989729,46.48555622,2018/7/1,corn,MidGreenup
676,126.9989729,46.48555622,2018/8/11,corn,Peak
676,126.9989729,46.48555622,2018/7/25,corn,Maturity
676,126.9989729,46.48555622,2018/9/28,corn,MidSenescence
676,126.9989729,46.48555622,2018/8/30,corn,Senescence
676,126.9989729,46.48555622,2018/10/25,corn,Dormancy
677,126.9894119,46.48154689,2018/6/9,corn,Greenup
677,126.9894119,46.48154689,2018/7/1,corn,MidGreenup
677,126.9894119,46.48154689,2018/8/11,corn,Peak
677,126.9894119,46.48154689,2018/7/25,corn,Maturity
677,126.9894119,46.48154689,2018/9/27,corn,MidSenescence
677,126.9894119,46.48154689,2018/8/30,corn,Senescence
677,126.9894119,46.48154689,2018/10/23,corn,Dormancy
678,127.1521261,46.46482939,2018/6/7,corn,Greenup
678,127.1521261,46.46482939,2018/6/30,corn,MidGreenup
678,127.1521261,46.46482939,2018/8/11,corn,Peak
678,127.1521261,46.46482939,2018/7/25,corn,Maturity
678,127.1521261,46.46482939,2018/9/27,corn,MidSenescence
678,127.1521261,46.46482939,2018/8/30,corn,Senescence
678,127.1521261,46.46482939,2018/10/23,corn,Dormancy
679,127.1857585,46.44393985,2018/6/1,corn,Greenup
679,127.1857585,46.44393985,2018/6/26,corn,MidGreenup
679,127.1857585,46.44393985,2018/8/8,corn,Peak
679,127.1857585,46.44393985,2018/7/22,corn,Maturity
679,127.1857585,46.44393985,2018/9/25,corn,MidSenescence
679,127.1857585,46.44393985,2018/8/28,corn,Senescence
679,127.1857585,46.44393985,2018/10/20,corn,Dormancy
680,127.2102736,46.44377854,2018/6/6,corn,Greenup
680,127.2102736,46.44377854,2018/7/1,corn,MidGreenup
680,127.2102736,46.44377854,2018/8/12,corn,Peak
680,127.2102736,46.44377854,2018/7/26,corn,Maturity
680,127.2102736,46.44377854,2018/9/28,corn,MidSenescence
680,127.2102736,46.44377854,2018/8/31,corn,Senescence
680,127.2102736,46.44377854,2018/10/25,corn,Dormancy
681,127.0951505,46.53990233,2018/6/5,corn,Greenup
681,127.0951505,46.53990233,2018/6/28,corn,MidGreenup
681,127.0951505,46.53990233,2018/8/9,corn,Peak
681,127.0951505,46.53990233,2018/7/23,corn,Maturity
681,127.0951505,46.53990233,2018/9/27,corn,MidSenescence
681,127.0951505,46.53990233,2018/8/29,corn,Senescence
681,127.0951505,46.53990233,2018/10/25,corn,Dormancy
682,127.160341,46.52318569,2018/6/8,corn,Greenup
682,127.160341,46.52318569,2018/7/1,corn,MidGreenup
682,127.160341,46.52318569,2018/8/11,corn,Peak
682,127.160341,46.52318569,2018/7/25,corn,Maturity
682,127.160341,46.52318569,2018/9/26,corn,MidSenescence
682,127.160341,46.52318569,2018/8/30,corn,Senescence
682,127.160341,46.52318569,2018/10/23,corn,Dormancy
683,127.1657191,46.5231325,2018/6/8,corn,Greenup
683,127.1657191,46.5231325,2018/6/30,corn,MidGreenup
683,127.1657191,46.5231325,2018/8/11,corn,Peak
683,127.1657191,46.5231325,2018/7/25,corn,Maturity
683,127.1657191,46.5231325,2018/9/28,corn,MidSenescence
683,127.1657191,46.5231325,2018/8/31,corn,Senescence
683,127.1657191,46.5231325,2018/10/24,corn,Dormancy
684,127.2079338,46.52294204,2018/6/8,corn,Greenup
684,127.2079338,46.52294204,2018/7/1,corn,MidGreenup
684,127.2079338,46.52294204,2018/8/12,corn,Peak
684,127.2079338,46.52294204,2018/7/26,corn,Maturity
684,127.2079338,46.52294204,2018/9/30,corn,MidSenescence
684,127.2079338,46.52294204,2018/9/1,corn,Senescence
684,127.2079338,46.52294204,2018/10/26,corn,Dormancy
685,126.9959742,46.14346811,2018/6/8,corn,Greenup
685,126.9959742,46.14346811,2018/7/1,corn,MidGreenup
685,126.9959742,46.14346811,2018/8/12,corn,Peak
685,126.9959742,46.14346811,2018/7/26,corn,Maturity
685,126.9959742,46.14346811,2018/9/30,corn,MidSenescence
685,126.9959742,46.14346811,2018/8/31,corn,Senescence
685,126.9959742,46.14346811,2018/10/28,corn,Dormancy
686,126.9874715,46.13959785,2018/6/6,corn,Greenup
686,126.9874715,46.13959785,2018/6/30,corn,MidGreenup
686,126.9874715,46.13959785,2018/8/15,corn,Peak
686,126.9874715,46.13959785,2018/7/27,corn,Maturity
686,126.9874715,46.13959785,2018/10/3,corn,MidSenescence
686,126.9874715,46.13959785,2018/9/4,corn,Senescence
686,126.9874715,46.13959785,2018/10/31,corn,Dormancy
687,126.9888568,46.14809312,2018/6/7,corn,Greenup
687,126.9888568,46.14809312,2018/6/30,corn,MidGreenup
687,126.9888568,46.14809312,2018/8/13,corn,Peak
687,126.9888568,46.14809312,2018/7/26,corn,Maturity
687,126.9888568,46.14809312,2018/10/1,corn,MidSenescence
687,126.9888568,46.14809312,2018/9/2,corn,Senescence
687,126.9888568,46.14809312,2018/10/29,corn,Dormancy
688,127.0069057,46.14302529,2018/6/7,corn,Greenup
688,127.0069057,46.14302529,2018/6/30,corn,MidGreenup
688,127.0069057,46.14302529,2018/8/11,corn,Peak
688,127.0069057,46.14302529,2018/7/25,corn,Maturity
688,127.0069057,46.14302529,2018/9/30,corn,MidSenescence
688,127.0069057,46.14302529,2018/8/31,corn,Senescence
688,127.0069057,46.14302529,2018/10/30,corn,Dormancy
689,127.0252333,46.1482746,2018/6/5,corn,Greenup
689,127.0252333,46.1482746,2018/6/28,corn,MidGreenup
689,127.0252333,46.1482746,2018/8/11,corn,Peak
689,127.0252333,46.1482746,2018/7/24,corn,Maturity
689,127.0252333,46.1482746,2018/10/1,corn,MidSenescence
689,127.0252333,46.1482746,2018/8/31,corn,Senescence
689,127.0252333,46.1482746,2018/10/28,corn,Dormancy
690,127.0259249,46.15363839,2018/6/5,corn,Greenup
690,127.0259249,46.15363839,2018/6/28,corn,MidGreenup
690,127.0259249,46.15363839,2018/8/10,corn,Peak
690,127.0259249,46.15363839,2018/7/23,corn,Maturity
690,127.0259249,46.15363839,2018/9/30,corn,MidSenescence
690,127.0259249,46.15363839,2018/8/31,corn,Senescence
690,127.0259249,46.15363839,2018/10/29,corn,Dormancy
691,127.1341457,46.09453073,2018/6/8,corn,Greenup
691,127.1341457,46.09453073,2018/6/30,corn,MidGreenup
691,127.1341457,46.09453073,2018/8/12,corn,Peak
691,127.1341457,46.09453073,2018/7/26,corn,Maturity
691,127.1341457,46.09453073,2018/10/2,corn,MidSenescence
691,127.1341457,46.09453073,2018/9/2,corn,Senescence
691,127.1341457,46.09453073,2018/10/30,corn,Dormancy
692,127.1453285,46.0930176,2018/6/7,corn,Greenup
692,127.1453285,46.0930176,2018/6/28,corn,MidGreenup
692,127.1453285,46.0930176,2018/8/9,corn,Peak
692,127.1453285,46.0930176,2018/7/22,corn,Maturity
692,127.1453285,46.0930176,2018/9/30,corn,MidSenescence
692,127.1453285,46.0930176,2018/8/30,corn,Senescence
692,127.1453285,46.0930176,2018/10/28,corn,Dormancy
693,127.1451506,46.08859439,2018/6/6,corn,Greenup
693,127.1451506,46.08859439,2018/6/28,corn,MidGreenup
693,127.1451506,46.08859439,2018/8/10,corn,Peak
693,127.1451506,46.08859439,2018/7/23,corn,Maturity
693,127.1451506,46.08859439,2018/9/30,corn,MidSenescence
693,127.1451506,46.08859439,2018/8/31,corn,Senescence
693,127.1451506,46.08859439,2018/10/29,corn,Dormancy
694,127.128478,46.10045163,2018/6/4,corn,Greenup
694,127.128478,46.10045163,2018/6/26,corn,MidGreenup
694,127.128478,46.10045163,2018/8/8,corn,Peak
694,127.128478,46.10045163,2018/7/21,corn,Maturity
694,127.128478,46.10045163,2018/9/30,corn,MidSenescence
694,127.128478,46.10045163,2018/8/30,corn,Senescence
694,127.128478,46.10045163,2018/10/28,corn,Dormancy
695,127.1093956,46.09521041,2018/6/7,corn,Greenup
695,127.1093956,46.09521041,2018/6/28,corn,MidGreenup
695,127.1093956,46.09521041,2018/8/9,corn,Peak
695,127.1093956,46.09521041,2018/7/22,corn,Maturity
695,127.1093956,46.09521041,2018/9/29,corn,MidSenescence
695,127.1093956,46.09521041,2018/8/30,corn,Senescence
695,127.1093956,46.09521041,2018/10/26,corn,Dormancy
696,127.1088523,46.08790674,2018/6/5,corn,Greenup
696,127.1088523,46.08790674,2018/6/28,corn,MidGreenup
696,127.1088523,46.08790674,2018/8/12,corn,Peak
696,127.1088523,46.08790674,2018/7/24,corn,Maturity
696,127.1088523,46.08790674,2018/10/2,corn,MidSenescence
696,127.1088523,46.08790674,2018/9/2,corn,Senescence
696,127.1088523,46.08790674,2018/10/29,corn,Dormancy
697,127.0959925,46.08618998,2018/6/7,corn,Greenup
697,127.0959925,46.08618998,2018/6/27,corn,MidGreenup
697,127.0959925,46.08618998,2018/8/8,corn,Peak
697,127.0959925,46.08618998,2018/7/21,corn,Maturity
697,127.0959925,46.08618998,2018/9/29,corn,MidSenescence
697,127.0959925,46.08618998,2018/8/29,corn,Senescence
697,127.0959925,46.08618998,2018/10/28,corn,Dormancy
698,126.0821104,46.19802045,2018/6/6,corn,Greenup
698,126.0821104,46.19802045,2018/6/30,corn,MidGreenup
698,126.0821104,46.19802045,2018/8/13,corn,Peak
698,126.0821104,46.19802045,2018/7/26,corn,Maturity
698,126.0821104,46.19802045,2018/10/1,corn,MidSenescence
698,126.0821104,46.19802045,2018/9/2,corn,Senescence
698,126.0821104,46.19802045,2018/10/29,corn,Dormancy
699,126.0295831,46.27270145,2018/6/4,corn,Greenup
699,126.0295831,46.27270145,2018/6/29,corn,MidGreenup
699,126.0295831,46.27270145,2018/8/12,corn,Peak
699,126.0295831,46.27270145,2018/7/26,corn,Maturity
699,126.0295831,46.27270145,2018/9/29,corn,MidSenescence
699,126.0295831,46.27270145,2018/9/1,corn,Senescence
699,126.0295831,46.27270145,2018/10/27,corn,Dormancy
700,125.9934362,46.33873139,2018/6/9,corn,Greenup
700,125.9934362,46.33873139,2018/7/1,corn,MidGreenup
700,125.9934362,46.33873139,2018/8/11,corn,Peak
700,125.9934362,46.33873139,2018/7/26,corn,Maturity
700,125.9934362,46.33873139,2018/9/27,corn,MidSenescence
700,125.9934362,46.33873139,2018/8/30,corn,Senescence
700,125.9934362,46.33873139,2018/10/23,corn,Dormancy
701,126.104173,46.41044679,2018/6/2,corn,Greenup
701,126.104173,46.41044679,2018/6/25,corn,MidGreenup
701,126.104173,46.41044679,2018/8/8,corn,Peak
701,126.104173,46.41044679,2018/7/21,corn,Maturity
701,126.104173,46.41044679,2018/9/27,corn,MidSenescence
701,126.104173,46.41044679,2018/8/28,corn,Senescence
701,126.104173,46.41044679,2018/10/25,corn,Dormancy
702,126.096455,46.47712558,2018/6/5,corn,Greenup
702,126.096455,46.47712558,2018/6/28,corn,MidGreenup
702,126.096455,46.47712558,2018/8/12,corn,Peak
702,126.096455,46.47712558,2018/7/24,corn,Maturity
702,126.096455,46.47712558,2018/9/29,corn,MidSenescence
702,126.096455,46.47712558,2018/9/1,corn,Senescence
702,126.096455,46.47712558,2018/10/25,corn,Dormancy
703,126.0885319,46.60163488,2018/6/6,corn,Greenup
703,126.0885319,46.60163488,2018/6/27,corn,MidGreenup
703,126.0885319,46.60163488,2018/8/7,corn,Peak
703,126.0885319,46.60163488,2018/7/21,corn,Maturity
703,126.0885319,46.60163488,2018/9/25,corn,MidSenescence
703,126.0885319,46.60163488,2018/8/27,corn,Senescence
703,126.0885319,46.60163488,2018/10/21,corn,Dormancy
704,125.5399205,46.67325461,2018/6/5,corn,Greenup
704,125.5399205,46.67325461,2018/6/28,corn,MidGreenup
704,125.5399205,46.67325461,2018/8/8,corn,Peak
704,125.5399205,46.67325461,2018/7/22,corn,Maturity
704,125.5399205,46.67325461,2018/9/23,corn,MidSenescence
704,125.5399205,46.67325461,2018/8/27,corn,Senescence
704,125.5399205,46.67325461,2018/10/19,corn,Dormancy
705,125.6762956,46.07664486,2018/6/5,corn,Greenup
705,125.6762956,46.07664486,2018/6/28,corn,MidGreenup
705,125.6762956,46.07664486,2018/8/10,corn,Peak
705,125.6762956,46.07664486,2018/7/23,corn,Maturity
705,125.6762956,46.07664486,2018/9/28,corn,MidSenescence
705,125.6762956,46.07664486,2018/8/30,corn,Senescence
705,125.6762956,46.07664486,2018/10/26,corn,Dormancy
706,125.727955,46.00153134,2018/6/2,corn,Greenup
706,125.727955,46.00153134,2018/6/26,corn,MidGreenup
706,125.727955,46.00153134,2018/8/9,corn,Peak
706,125.727955,46.00153134,2018/7/22,corn,Maturity
706,125.727955,46.00153134,2018/9/27,corn,MidSenescence
706,125.727955,46.00153134,2018/8/29,corn,Senescence
706,125.727955,46.00153134,2018/10/25,corn,Dormancy
707,125.5096384,45.9980038,2018/6/3,corn,Greenup
707,125.5096384,45.9980038,2018/6/27,corn,MidGreenup
707,125.5096384,45.9980038,2018/8/9,corn,Peak
707,125.5096384,45.9980038,2018/7/23,corn,Maturity
707,125.5096384,45.9980038,2018/9/26,corn,MidSenescence
707,125.5096384,45.9980038,2018/8/29,corn,Senescence
707,125.5096384,45.9980038,2018/10/24,corn,Dormancy
708,125.4699826,45.89814393,2018/6/6,corn,Greenup
708,125.4699826,45.89814393,2018/6/30,corn,MidGreenup
708,125.4699826,45.89814393,2018/8/11,corn,Peak
708,125.4699826,45.89814393,2018/7/25,corn,Maturity
708,125.4699826,45.89814393,2018/9/26,corn,MidSenescence
708,125.4699826,45.89814393,2018/8/30,corn,Senescence
708,125.4699826,45.89814393,2018/10/23,corn,Dormancy
709,125.8270218,45.80218063,2018/6/8,corn,Greenup
709,125.8270218,45.80218063,2018/7/1,corn,MidGreenup
709,125.8270218,45.80218063,2018/8/13,corn,Peak
709,125.8270218,45.80218063,2018/7/26,corn,Maturity
709,125.8270218,45.80218063,2018/9/29,corn,MidSenescence
709,125.8270218,45.80218063,2018/9/1,corn,Senescence
709,125.8270218,45.80218063,2018/10/25,corn,Dormancy
710,125.9415265,45.81033027,2018/6/10,corn,Greenup
710,125.9415265,45.81033027,2018/7/1,corn,MidGreenup
710,125.9415265,45.81033027,2018/8/11,corn,Peak
710,125.9415265,45.81033027,2018/7/25,corn,Maturity
710,125.9415265,45.81033027,2018/9/30,corn,MidSenescence
710,125.9415265,45.81033027,2018/8/31,corn,Senescence
710,125.9415265,45.81033027,2018/10/28,corn,Dormancy
711,125.1009197,49.06832093,2018/6/5,corn,Greenup
711,125.1009197,49.06832093,2018/6/28,corn,MidGreenup
711,125.1009197,49.06832093,2018/8/6,corn,Peak
711,125.1009197,49.06832093,2018/7/21,corn,Maturity
711,125.1009197,49.06832093,2018/9/15,corn,MidSenescence
711,125.1009197,49.06832093,2018/8/22,corn,Senescence
711,125.1009197,49.06832093,2018/10/10,corn,Dormancy
712,125.1079207,49.06896682,2018/6/5,corn,Greenup
712,125.1079207,49.06896682,2018/6/27,corn,MidGreenup
712,125.1079207,49.06896682,2018/8/5,corn,Peak
712,125.1079207,49.06896682,2018/7/21,corn,Maturity
712,125.1079207,49.06896682,2018/9/16,corn,MidSenescence
712,125.1079207,49.06896682,2018/8/22,corn,Senescence
712,125.1079207,49.06896682,2018/10/11,corn,Dormancy
713,126.7161116,45.30360891,2018/6/9,corn,Greenup
713,126.7161116,45.30360891,2018/6/30,corn,MidGreenup
713,126.7161116,45.30360891,2018/8/10,corn,Peak
713,126.7161116,45.30360891,2018/7/24,corn,Maturity
713,126.7161116,45.30360891,2018/9/30,corn,MidSenescence
713,126.7161116,45.30360891,2018/8/31,corn,Senescence
713,126.7161116,45.30360891,2018/10/26,corn,Dormancy
714,126.724349,45.29952953,2018/6/7,corn,Greenup
714,126.724349,45.29952953,2018/6/30,corn,MidGreenup
714,126.724349,45.29952953,2018/8/9,corn,Peak
714,126.724349,45.29952953,2018/7/24,corn,Maturity
714,126.724349,45.29952953,2018/9/30,corn,MidSenescence
714,126.724349,45.29952953,2018/8/30,corn,Senescence
714,126.724349,45.29952953,2018/10/27,corn,Dormancy
715,126.7359491,45.29734007,2018/6/6,corn,Greenup
715,126.7359491,45.29734007,2018/6/28,corn,MidGreenup
715,126.7359491,45.29734007,2018/8/8,corn,Peak
715,126.7359491,45.29734007,2018/7/23,corn,Maturity
715,126.7359491,45.29734007,2018/9/29,corn,MidSenescence
715,126.7359491,45.29734007,2018/8/29,corn,Senescence
715,126.7359491,45.29734007,2018/10/26,corn,Dormancy
716,126.7291899,45.30746909,2018/6/10,corn,Greenup
716,126.7291899,45.30746909,2018/7/2,corn,MidGreenup
716,126.7291899,45.30746909,2018/8/13,corn,Peak
716,126.7291899,45.30746909,2018/7/26,corn,Maturity
716,126.7291899,45.30746909,2018/10/3,corn,MidSenescence
716,126.7291899,45.30746909,2018/9/3,corn,Senescence
716,126.7291899,45.30746909,2018/10/30,corn,Dormancy
717,126.7607875,45.29328465,2018/6/10,corn,Greenup
717,126.7607875,45.29328465,2018/7/2,corn,MidGreenup
717,126.7607875,45.29328465,2018/8/11,corn,Peak
717,126.7607875,45.29328465,2018/7/25,corn,Maturity
717,126.7607875,45.29328465,2018/10/1,corn,MidSenescence
717,126.7607875,45.29328465,2018/9/1,corn,Senescence
717,126.7607875,45.29328465,2018/10/28,corn,Dormancy
718,126.7509119,45.29294299,2018/6/6,corn,Greenup
718,126.7509119,45.29294299,2018/6/29,corn,MidGreenup
718,126.7509119,45.29294299,2018/8/10,corn,Peak
718,126.7509119,45.29294299,2018/7/24,corn,Maturity
718,126.7509119,45.29294299,2018/9/29,corn,MidSenescence
718,126.7509119,45.29294299,2018/8/30,corn,Senescence
718,126.7509119,45.29294299,2018/10/25,corn,Dormancy
719,126.7954038,45.31443055,2018/6/9,corn,Greenup
719,126.7954038,45.31443055,2018/7/1,corn,MidGreenup
719,126.7954038,45.31443055,2018/8/13,corn,Peak
719,126.7954038,45.31443055,2018/7/25,corn,Maturity
719,126.7954038,45.31443055,2018/10/2,corn,MidSenescence
719,126.7954038,45.31443055,2018/9/2,corn,Senescence
719,126.7954038,45.31443055,2018/10/29,corn,Dormancy
720,126.8041653,45.31823514,2018/6/6,corn,Greenup
720,126.8041653,45.31823514,2018/6/28,corn,MidGreenup
720,126.8041653,45.31823514,2018/8/9,corn,Peak
720,126.8041653,45.31823514,2018/7/22,corn,Maturity
720,126.8041653,45.31823514,2018/9/30,corn,MidSenescence
720,126.8041653,45.31823514,2018/8/30,corn,Senescence
720,126.8041653,45.31823514,2018/10/26,corn,Dormancy
721,126.7935467,45.3189699,2018/6/7,corn,Greenup
721,126.7935467,45.3189699,2018/6/29,corn,MidGreenup
721,126.7935467,45.3189699,2018/8/10,corn,Peak
721,126.7935467,45.3189699,2018/7/23,corn,Maturity
721,126.7935467,45.3189699,2018/10/1,corn,MidSenescence
721,126.7935467,45.3189699,2018/8/31,corn,Senescence
721,126.7935467,45.3189699,2018/10/28,corn,Dormancy
722,126.8347694,45.33950279,2018/6/5,corn,Greenup
722,126.8347694,45.33950279,2018/6/27,corn,MidGreenup
722,126.8347694,45.33950279,2018/8/9,corn,Peak
722,126.8347694,45.33950279,2018/7/21,corn,Maturity
722,126.8347694,45.33950279,2018/10/1,corn,MidSenescence
722,126.8347694,45.33950279,2018/8/31,corn,Senescence
722,126.8347694,45.33950279,2018/10/27,corn,Dormancy
723,126.8216574,45.33937131,2018/6/5,corn,Greenup
723,126.8216574,45.33937131,2018/6/27,corn,MidGreenup
723,126.8216574,45.33937131,2018/8/10,corn,Peak
723,126.8216574,45.33937131,2018/7/22,corn,Maturity
723,126.8216574,45.33937131,2018/10/1,corn,MidSenescence
723,126.8216574,45.33937131,2018/9/1,corn,Senescence
723,126.8216574,45.33937131,2018/10/26,corn,Dormancy
724,126.8663259,45.33872315,2018/6/4,corn,Greenup
724,126.8663259,45.33872315,2018/6/26,corn,MidGreenup
724,126.8663259,45.33872315,2018/8/8,corn,Peak
724,126.8663259,45.33872315,2018/7/21,corn,Maturity
724,126.8663259,45.33872315,2018/9/25,corn,MidSenescence
724,126.8663259,45.33872315,2018/8/29,corn,Senescence
724,126.8663259,45.33872315,2018/10/17,corn,Dormancy
725,126.8600413,45.33569694,2018/6/1,corn,Greenup
725,126.8600413,45.33569694,2018/6/24,corn,MidGreenup
725,126.8600413,45.33569694,2018/8/6,corn,Peak
725,126.8600413,45.33569694,2018/7/19,corn,Maturity
725,126.8600413,45.33569694,2018/9/23,corn,MidSenescence
725,126.8600413,45.33569694,2018/8/26,corn,Senescence
725,126.8600413,45.33569694,2018/10/16,corn,Dormancy
726,126.8633887,45.33129656,2018/6/3,corn,Greenup
726,126.8633887,45.33129656,2018/6/27,corn,MidGreenup
726,126.8633887,45.33129656,2018/8/9,corn,Peak
726,126.8633887,45.33129656,2018/7/22,corn,Maturity
726,126.8633887,45.33129656,2018/9/29,corn,MidSenescence
726,126.8633887,45.33129656,2018/8/30,corn,Senescence
726,126.8633887,45.33129656,2018/10/24,corn,Dormancy
727,126.8618654,45.31486688,2018/6/9,corn,Greenup
727,126.8618654,45.31486688,2018/6/30,corn,MidGreenup
727,126.8618654,45.31486688,2018/8/12,corn,Peak
727,126.8618654,45.31486688,2018/7/25,corn,Maturity
727,126.8618654,45.31486688,2018/10/2,corn,MidSenescence
727,126.8618654,45.31486688,2018/9/2,corn,Senescence
727,126.8618654,45.31486688,2018/10/29,corn,Dormancy
728,126.8799696,45.33082892,2018/6/6,corn,Greenup
728,126.8799696,45.33082892,2018/6/28,corn,MidGreenup
728,126.8799696,45.33082892,2018/8/11,corn,Peak
728,126.8799696,45.33082892,2018/7/24,corn,Maturity
728,126.8799696,45.33082892,2018/10/1,corn,MidSenescence
728,126.8799696,45.33082892,2018/9/1,corn,Senescence
728,126.8799696,45.33082892,2018/10/28,corn,Dormancy
729,126.7849971,45.38163846,2018/6/6,corn,Greenup
729,126.7849971,45.38163846,2018/6/28,corn,MidGreenup
729,126.7849971,45.38163846,2018/8/10,corn,Peak
729,126.7849971,45.38163846,2018/7/23,corn,Maturity
729,126.7849971,45.38163846,2018/9/30,corn,MidSenescence
729,126.7849971,45.38163846,2018/8/31,corn,Senescence
729,126.7849971,45.38163846,2018/10/27,corn,Dormancy
730,126.7647137,45.37545056,2018/6/9,corn,Greenup
730,126.7647137,45.37545056,2018/7/1,corn,MidGreenup
730,126.7647137,45.37545056,2018/8/11,corn,Peak
730,126.7647137,45.37545056,2018/7/25,corn,Maturity
730,126.7647137,45.37545056,2018/10/2,corn,MidSenescence
730,126.7647137,45.37545056,2018/8/31,corn,Senescence
730,126.7647137,45.37545056,2018/10/30,corn,Dormancy
731,126.7963561,45.37564019,2018/6/8,corn,Greenup
731,126.7963561,45.37564019,2018/6/30,corn,MidGreenup
731,126.7963561,45.37564019,2018/8/11,corn,Peak
731,126.7963561,45.37564019,2018/7/24,corn,Maturity
731,126.7963561,45.37564019,2018/9/25,corn,MidSenescence
731,126.7963561,45.37564019,2018/8/30,corn,Senescence
731,126.7963561,45.37564019,2018/10/17,corn,Dormancy
732,126.8415827,45.38279509,2018/6/4,corn,Greenup
732,126.8415827,45.38279509,2018/6/28,corn,MidGreenup
732,126.8415827,45.38279509,2018/8/8,corn,Peak
732,126.8415827,45.38279509,2018/7/23,corn,Maturity
732,126.8415827,45.38279509,2018/9/28,corn,MidSenescence
732,126.8415827,45.38279509,2018/8/29,corn,Senescence
732,126.8415827,45.38279509,2018/10/25,corn,Dormancy
733,126.8323716,45.37453095,2018/6/7,corn,Greenup
733,126.8323716,45.37453095,2018/6/30,corn,MidGreenup
733,126.8323716,45.37453095,2018/8/9,corn,Peak
733,126.8323716,45.37453095,2018/7/24,corn,Maturity
733,126.8323716,45.37453095,2018/9/29,corn,MidSenescence
733,126.8323716,45.37453095,2018/8/30,corn,Senescence
733,126.8323716,45.37453095,2018/10/27,corn,Dormancy
734,126.8542926,45.38084199,2018/6/5,corn,Greenup
734,126.8542926,45.38084199,2018/6/27,corn,MidGreenup
734,126.8542926,45.38084199,2018/8/8,corn,Peak
734,126.8542926,45.38084199,2018/7/22,corn,Maturity
734,126.8542926,45.38084199,2018/9/28,corn,MidSenescence
734,126.8542926,45.38084199,2018/8/28,corn,Senescence
734,126.8542926,45.38084199,2018/10/25,corn,Dormancy
735,126.8051325,45.39964076,2018/6/9,corn,Greenup
735,126.8051325,45.39964076,2018/7/1,corn,MidGreenup
735,126.8051325,45.39964076,2018/8/11,corn,Peak
735,126.8051325,45.39964076,2018/7/25,corn,Maturity
735,126.8051325,45.39964076,2018/10/1,corn,MidSenescence
735,126.8051325,45.39964076,2018/9/1,corn,Senescence
735,126.8051325,45.39964076,2018/10/28,corn,Dormancy
736,126.7871532,45.39366577,2018/6/4,corn,Greenup
736,126.7871532,45.39366577,2018/6/26,corn,MidGreenup
736,126.7871532,45.39366577,2018/8/9,corn,Peak
736,126.7871532,45.39366577,2018/7/22,corn,Maturity
736,126.7871532,45.39366577,2018/9/28,corn,MidSenescence
736,126.7871532,45.39366577,2018/8/29,corn,Senescence
736,126.7871532,45.39366577,2018/10/25,corn,Dormancy
737,126.8212389,45.40986741,2018/6/6,corn,Greenup
737,126.8212389,45.40986741,2018/6/30,corn,MidGreenup
737,126.8212389,45.40986741,2018/8/11,corn,Peak
737,126.8212389,45.40986741,2018/7/25,corn,Maturity
737,126.8212389,45.40986741,2018/10/2,corn,MidSenescence
737,126.8212389,45.40986741,2018/9/1,corn,Senescence
737,126.8212389,45.40986741,2018/10/30,corn,Dormancy
738,126.7839342,45.420352,2018/6/6,corn,Greenup
738,126.7839342,45.420352,2018/6/28,corn,MidGreenup
738,126.7839342,45.420352,2018/8/10,corn,Peak
738,126.7839342,45.420352,2018/7/23,corn,Maturity
738,126.7839342,45.420352,2018/10/1,corn,MidSenescence
738,126.7839342,45.420352,2018/9/1,corn,Senescence
738,126.7839342,45.420352,2018/10/29,corn,Dormancy
739,126.6470732,45.36463341,2018/6/8,corn,Greenup
739,126.6470732,45.36463341,2018/6/29,corn,MidGreenup
739,126.6470732,45.36463341,2018/8/11,corn,Peak
739,126.6470732,45.36463341,2018/7/24,corn,Maturity
739,126.6470732,45.36463341,2018/9/30,corn,MidSenescence
739,126.6470732,45.36463341,2018/9/1,corn,Senescence
739,126.6470732,45.36463341,2018/10/28,corn,Dormancy
740,126.6625158,45.36833035,2018/6/9,corn,Greenup
740,126.6625158,45.36833035,2018/7/1,corn,MidGreenup
740,126.6625158,45.36833035,2018/8/11,corn,Peak
740,126.6625158,45.36833035,2018/7/25,corn,Maturity
740,126.6625158,45.36833035,2018/9/28,corn,MidSenescence
740,126.6625158,45.36833035,2018/8/31,corn,Senescence
740,126.6625158,45.36833035,2018/10/24,corn,Dormancy
741,126.679429,45.31892037,2018/6/9,corn,Greenup
741,126.679429,45.31892037,2018/6/30,corn,MidGreenup
741,126.679429,45.31892037,2018/8/11,corn,Peak
741,126.679429,45.31892037,2018/7/24,corn,Maturity
741,126.679429,45.31892037,2018/9/29,corn,MidSenescence
741,126.679429,45.31892037,2018/8/31,corn,Senescence
741,126.679429,45.31892037,2018/10/25,corn,Dormancy
742,126.6843391,45.2936589,2018/6/7,corn,Greenup
742,126.6843391,45.2936589,2018/7/1,corn,MidGreenup
742,126.6843391,45.2936589,2018/8/11,corn,Peak
742,126.6843391,45.2936589,2018/7/25,corn,Maturity
742,126.6843391,45.2936589,2018/9/28,corn,MidSenescence
742,126.6843391,45.2936589,2018/8/31,corn,Senescence
742,126.6843391,45.2936589,2018/10/24,corn,Dormancy
743,125.3192301,49.55205601,2018/6/10,corn,Greenup
743,125.3192301,49.55205601,2018/7/2,corn,MidGreenup
743,125.3192301,49.55205601,2018/8/8,corn,Peak
743,125.3192301,49.55205601,2018/7/24,corn,Maturity
743,125.3192301,49.55205601,2018/9/15,corn,MidSenescence
743,125.3192301,49.55205601,2018/8/24,corn,Senescence
743,125.3192301,49.55205601,2018/10/5,corn,Dormancy
744,125.3175807,49.55681966,2018/6/6,corn,Greenup
744,125.3175807,49.55681966,2018/6/28,corn,MidGreenup
744,125.3175807,49.55681966,2018/8/5,corn,Peak
744,125.3175807,49.55681966,2018/7/21,corn,Maturity
744,125.3175807,49.55681966,2018/9/14,corn,MidSenescence
744,125.3175807,49.55681966,2018/8/22,corn,Senescence
744,125.3175807,49.55681966,2018/10/5,corn,Dormancy
745,125.4448111,49.54385504,2018/6/5,corn,Greenup
745,125.4448111,49.54385504,2018/6/26,corn,MidGreenup
745,125.4448111,49.54385504,2018/8/3,corn,Peak
745,125.4448111,49.54385504,2018/7/19,corn,Maturity
745,125.4448111,49.54385504,2018/9/12,corn,MidSenescence
745,125.4448111,49.54385504,2018/8/19,corn,Senescence
745,125.4448111,49.54385504,2018/10/4,corn,Dormancy
746,125.4357105,49.53922714,2018/6/5,corn,Greenup
746,125.4357105,49.53922714,2018/6/27,corn,MidGreenup
746,125.4357105,49.53922714,2018/8/3,corn,Peak
746,125.4357105,49.53922714,2018/7/19,corn,Maturity
746,125.4357105,49.53922714,2018/9/12,corn,MidSenescence
746,125.4357105,49.53922714,2018/8/19,corn,Senescence
746,125.4357105,49.53922714,2018/10/4,corn,Dormancy
747,125.3339795,49.37752212,2018/6/3,corn,Greenup
747,125.3339795,49.37752212,2018/6/27,corn,MidGreenup
747,125.3339795,49.37752212,2018/8/5,corn,Peak
747,125.3339795,49.37752212,2018/7/21,corn,Maturity
747,125.3339795,49.37752212,2018/9/13,corn,MidSenescence
747,125.3339795,49.37752212,2018/8/21,corn,Senescence
747,125.3339795,49.37752212,2018/10/5,corn,Dormancy
748,125.3196189,49.36867119,2018/5/29,corn,Greenup
748,125.3196189,49.36867119,2018/6/23,corn,MidGreenup
748,125.3196189,49.36867119,2018/8/4,corn,Peak
748,125.3196189,49.36867119,2018/7/19,corn,Maturity
748,125.3196189,49.36867119,2018/9/14,corn,MidSenescence
748,125.3196189,49.36867119,2018/8/22,corn,Senescence
748,125.3196189,49.36867119,2018/10/6,corn,Dormancy
749,125.3005469,49.37705008,2018/6/10,corn,Greenup
749,125.3005469,49.37705008,2018/6/30,corn,MidGreenup
749,125.3005469,49.37705008,2018/8/6,corn,Peak
749,125.3005469,49.37705008,2018/7/22,corn,Maturity
749,125.3005469,49.37705008,2018/9/16,corn,MidSenescence
749,125.3005469,49.37705008,2018/8/23,corn,Senescence
749,125.3005469,49.37705008,2018/10/9,corn,Dormancy
750,126.0742928,49.16879491,2018/6/7,corn,Greenup
750,126.0742928,49.16879491,2018/6/29,corn,MidGreenup
750,126.0742928,49.16879491,2018/8/5,corn,Peak
750,126.0742928,49.16879491,2018/7/22,corn,Maturity
750,126.0742928,49.16879491,2018/9/14,corn,MidSenescence
750,126.0742928,49.16879491,2018/8/22,corn,Senescence
750,126.0742928,49.16879491,2018/10/6,corn,Dormancy
751,126.0801576,49.16829569,2018/6/8,corn,Greenup
751,126.0801576,49.16829569,2018/7/1,corn,MidGreenup
751,126.0801576,49.16829569,2018/8/6,corn,Peak
751,126.0801576,49.16829569,2018/7/23,corn,Maturity
751,126.0801576,49.16829569,2018/9/13,corn,MidSenescence
751,126.0801576,49.16829569,2018/8/22,corn,Senescence
751,126.0801576,49.16829569,2018/10/4,corn,Dormancy
752,126.0197578,49.18559988,2018/5/28,corn,Greenup
752,126.0197578,49.18559988,2018/6/20,corn,MidGreenup
752,126.0197578,49.18559988,2018/8/2,corn,Peak
752,126.0197578,49.18559988,2018/7/17,corn,Maturity
752,126.0197578,49.18559988,2018/9/12,corn,MidSenescence
752,126.0197578,49.18559988,2018/8/20,corn,Senescence
752,126.0197578,49.18559988,2018/10/3,corn,Dormancy
753,126.0043836,49.17700295,2018/5/28,corn,Greenup
753,126.0043836,49.17700295,2018/6/19,corn,MidGreenup
753,126.0043836,49.17700295,2018/8/2,corn,Peak
753,126.0043836,49.17700295,2018/7/16,corn,Maturity
753,126.0043836,49.17700295,2018/9/13,corn,MidSenescence
753,126.0043836,49.17700295,2018/8/21,corn,Senescence
753,126.0043836,49.17700295,2018/10/4,corn,Dormancy
754,125.9830198,49.17315334,2018/6/5,corn,Greenup
754,125.9830198,49.17315334,2018/6/28,corn,MidGreenup
754,125.9830198,49.17315334,2018/8/5,corn,Peak
754,125.9830198,49.17315334,2018/7/21,corn,Maturity
754,125.9830198,49.17315334,2018/9/14,corn,MidSenescence
754,125.9830198,49.17315334,2018/8/22,corn,Senescence
754,125.9830198,49.17315334,2018/10/4,corn,Dormancy
755,125.9983993,49.16870786,2018/6/9,corn,Greenup
755,125.9983993,49.16870786,2018/6/29,corn,MidGreenup
755,125.9983993,49.16870786,2018/8/5,corn,Peak
755,125.9983993,49.16870786,2018/7/21,corn,Maturity
755,125.9983993,49.16870786,2018/9/13,corn,MidSenescence
755,125.9983993,49.16870786,2018/8/22,corn,Senescence
755,125.9983993,49.16870786,2018/10/4,corn,Dormancy
756,125.8411167,49.04013178,2018/6/5,corn,Greenup
756,125.8411167,49.04013178,2018/6/26,corn,MidGreenup
756,125.8411167,49.04013178,2018/8/3,corn,Peak
756,125.8411167,49.04013178,2018/7/19,corn,Maturity
756,125.8411167,49.04013178,2018/9/15,corn,MidSenescence
756,125.8411167,49.04013178,2018/8/21,corn,Senescence
756,125.8411167,49.04013178,2018/10/8,corn,Dormancy
757,125.8430761,49.03537964,2018/6/4,corn,Greenup
757,125.8430761,49.03537964,2018/6/26,corn,MidGreenup
757,125.8430761,49.03537964,2018/8/3,corn,Peak
757,125.8430761,49.03537964,2018/7/19,corn,Maturity
757,125.8430761,49.03537964,2018/9/15,corn,MidSenescence
757,125.8430761,49.03537964,2018/8/21,corn,Senescence
757,125.8430761,49.03537964,2018/10/8,corn,Dormancy
758,125.8482744,49.03986236,2018/6/5,corn,Greenup
758,125.8482744,49.03986236,2018/6/26,corn,MidGreenup
758,125.8482744,49.03986236,2018/8/3,corn,Peak
758,125.8482744,49.03986236,2018/7/19,corn,Maturity
758,125.8482744,49.03986236,2018/9/15,corn,MidSenescence
758,125.8482744,49.03986236,2018/8/21,corn,Senescence
758,125.8482744,49.03986236,2018/10/8,corn,Dormancy
759,126.393149,46.93969355,2018/6/4,corn,Greenup
759,126.393149,46.93969355,2018/6/27,corn,MidGreenup
759,126.393149,46.93969355,2018/8/7,corn,Peak
759,126.393149,46.93969355,2018/7/21,corn,Maturity
759,126.393149,46.93969355,2018/9/26,corn,MidSenescence
759,126.393149,46.93969355,2018/8/28,corn,Senescence
759,126.393149,46.93969355,2018/10/24,corn,Dormancy
760,126.4427329,46.91594695,2018/6/7,corn,Greenup
760,126.4427329,46.91594695,2018/6/29,corn,MidGreenup
760,126.4427329,46.91594695,2018/8/9,corn,Peak
760,126.4427329,46.91594695,2018/7/23,corn,Maturity
760,126.4427329,46.91594695,2018/9/24,corn,MidSenescence
760,126.4427329,46.91594695,2018/8/28,corn,Senescence
760,126.4427329,46.91594695,2018/10/20,corn,Dormancy
761,126.4475968,46.88615381,2018/6/7,corn,Greenup
761,126.4475968,46.88615381,2018/6/29,corn,MidGreenup
761,126.4475968,46.88615381,2018/8/10,corn,Peak
761,126.4475968,46.88615381,2018/7/24,corn,Maturity
761,126.4475968,46.88615381,2018/9/28,corn,MidSenescence
761,126.4475968,46.88615381,2018/8/29,corn,Senescence
761,126.4475968,46.88615381,2018/10/26,corn,Dormancy
762,126.4015185,46.84955285,2018/6/4,corn,Greenup
762,126.4015185,46.84955285,2018/6/26,corn,MidGreenup
762,126.4015185,46.84955285,2018/8/8,corn,Peak
762,126.4015185,46.84955285,2018/7/21,corn,Maturity
762,126.4015185,46.84955285,2018/9/28,corn,MidSenescence
762,126.4015185,46.84955285,2018/8/29,corn,Senescence
762,126.4015185,46.84955285,2018/10/27,corn,Dormancy
763,126.5797171,46.77338753,2018/6/4,corn,Greenup
763,126.5797171,46.77338753,2018/6/25,corn,MidGreenup
763,126.5797171,46.77338753,2018/8/5,corn,Peak
763,126.5797171,46.77338753,2018/7/19,corn,Maturity
763,126.5797171,46.77338753,2018/9/27,corn,MidSenescence
763,126.5797171,46.77338753,2018/8/26,corn,Senescence
763,126.5797171,46.77338753,2018/10/25,corn,Dormancy
764,127.4152998,45.84040828,2018/6/3,corn,Greenup
764,127.4152998,45.84040828,2018/6/25,corn,MidGreenup
764,127.4152998,45.84040828,2018/8/9,corn,Peak
764,127.4152998,45.84040828,2018/7/21,corn,Maturity
764,127.4152998,45.84040828,2018/10/2,corn,MidSenescence
764,127.4152998,45.84040828,2018/8/31,corn,Senescence
764,127.4152998,45.84040828,2018/10/31,corn,Dormancy
765,127.4376259,45.81782127,2018/6/4,corn,Greenup
765,127.4376259,45.81782127,2018/6/27,corn,MidGreenup
765,127.4376259,45.81782127,2018/8/11,corn,Peak
765,127.4376259,45.81782127,2018/7/23,corn,Maturity
765,127.4376259,45.81782127,2018/10/1,corn,MidSenescence
765,127.4376259,45.81782127,2018/9/1,corn,Senescence
765,127.4376259,45.81782127,2018/10/29,corn,Dormancy
766,125.051947,49.06450126,2018/6/2,corn,Greenup
766,125.051947,49.06450126,2018/6/25,corn,MidGreenup
766,125.051947,49.06450126,2018/8/4,corn,Peak
766,125.051947,49.06450126,2018/7/19,corn,Maturity
766,125.051947,49.06450126,2018/9/16,corn,MidSenescence
766,125.051947,49.06450126,2018/8/21,corn,Senescence
766,125.051947,49.06450126,2018/10/13,corn,Dormancy
767,124.9500641,48.98569594,2018/6/2,corn,Greenup
767,124.9500641,48.98569594,2018/6/25,corn,MidGreenup
767,124.9500641,48.98569594,2018/8/3,corn,Peak
767,124.9500641,48.98569594,2018/7/18,corn,Maturity
767,124.9500641,48.98569594,2018/9/12,corn,MidSenescence
767,124.9500641,48.98569594,2018/8/20,corn,Senescence
767,124.9500641,48.98569594,2018/10/5,corn,Dormancy
768,124.9552884,48.98519093,2018/6/3,corn,Greenup
768,124.9552884,48.98519093,2018/6/24,corn,MidGreenup
768,124.9552884,48.98519093,2018/8/2,corn,Peak
768,124.9552884,48.98519093,2018/7/17,corn,Maturity
768,124.9552884,48.98519093,2018/9/12,corn,MidSenescence
768,124.9552884,48.98519093,2018/8/19,corn,Senescence
768,124.9552884,48.98519093,2018/10/5,corn,Dormancy
769,124.9528425,48.98969542,2018/6/3,corn,Greenup
769,124.9528425,48.98969542,2018/6/22,corn,MidGreenup
769,124.9528425,48.98969542,2018/7/31,corn,Peak
769,124.9528425,48.98969542,2018/7/15,corn,Maturity
769,124.9528425,48.98969542,2018/9/12,corn,MidSenescence
769,124.9528425,48.98969542,2018/8/18,corn,Senescence
769,124.9528425,48.98969542,2018/10/4,corn,Dormancy
770,124.9543406,48.99794155,2018/6/3,corn,Greenup
770,124.9543406,48.99794155,2018/6/23,corn,MidGreenup
770,124.9543406,48.99794155,2018/7/31,corn,Peak
770,124.9543406,48.99794155,2018/7/15,corn,Maturity
770,124.9543406,48.99794155,2018/9/12,corn,MidSenescence
770,124.9543406,48.99794155,2018/8/18,corn,Senescence
770,124.9543406,48.99794155,2018/10/4,corn,Dormancy
771,124.9589918,48.98971015,2018/6/2,corn,Greenup
771,124.9589918,48.98971015,2018/6/24,corn,MidGreenup
771,124.9589918,48.98971015,2018/8/2,corn,Peak
771,124.9589918,48.98971015,2018/7/18,corn,Maturity
771,124.9589918,48.98971015,2018/9/11,corn,MidSenescence
771,124.9589918,48.98971015,2018/8/18,corn,Senescence
771,124.9589918,48.98971015,2018/10/3,corn,Dormancy
772,125.2438938,48.93096685,2018/6/2,corn,Greenup
772,125.2438938,48.93096685,2018/6/26,corn,MidGreenup
772,125.2438938,48.93096685,2018/8/4,corn,Peak
772,125.2438938,48.93096685,2018/7/20,corn,Maturity
772,125.2438938,48.93096685,2018/9/15,corn,MidSenescence
772,125.2438938,48.93096685,2018/8/21,corn,Senescence
772,125.2438938,48.93096685,2018/10/9,corn,Dormancy
773,125.2385972,48.93128406,2018/6/2,corn,Greenup
773,125.2385972,48.93128406,2018/6/25,corn,MidGreenup
773,125.2385972,48.93128406,2018/8/4,corn,Peak
773,125.2385972,48.93128406,2018/7/19,corn,Maturity
773,125.2385972,48.93128406,2018/9/13,corn,MidSenescence
773,125.2385972,48.93128406,2018/8/20,corn,Senescence
773,125.2385972,48.93128406,2018/10/6,corn,Dormancy
774,125.2479375,48.91482054,2018/6/6,corn,Greenup
774,125.2479375,48.91482054,2018/6/27,corn,MidGreenup
774,125.2479375,48.91482054,2018/8/4,corn,Peak
774,125.2479375,48.91482054,2018/7/20,corn,Maturity
774,125.2479375,48.91482054,2018/9/14,corn,MidSenescence
774,125.2479375,48.91482054,2018/8/21,corn,Senescence
774,125.2479375,48.91482054,2018/10/7,corn,Dormancy
775,125.5092799,48.89796226,2018/6/1,corn,Greenup
775,125.5092799,48.89796226,2018/6/24,corn,MidGreenup
775,125.5092799,48.89796226,2018/8/2,corn,Peak
775,125.5092799,48.89796226,2018/7/17,corn,Maturity
775,125.5092799,48.89796226,2018/9/13,corn,MidSenescence
775,125.5092799,48.89796226,2018/8/19,corn,Senescence
775,125.5092799,48.89796226,2018/10/5,corn,Dormancy
776,125.5124162,48.89390668,2018/6/1,corn,Greenup
776,125.5124162,48.89390668,2018/6/23,corn,MidGreenup
776,125.5124162,48.89390668,2018/8/1,corn,Peak
776,125.5124162,48.89390668,2018/7/16,corn,Maturity
776,125.5124162,48.89390668,2018/9/12,corn,MidSenescence
776,125.5124162,48.89390668,2018/8/18,corn,Senescence
776,125.5124162,48.89390668,2018/10/5,corn,Dormancy
777,125.7711541,48.84798098,2018/6/8,corn,Greenup
777,125.7711541,48.84798098,2018/6/29,corn,MidGreenup
777,125.7711541,48.84798098,2018/8/6,corn,Peak
777,125.7711541,48.84798098,2018/7/22,corn,Maturity
777,125.7711541,48.84798098,2018/9/14,corn,MidSenescence
777,125.7711541,48.84798098,2018/8/22,corn,Senescence
777,125.7711541,48.84798098,2018/10/6,corn,Dormancy
778,125.7778077,48.8477636,2018/6/8,corn,Greenup
778,125.7778077,48.8477636,2018/6/30,corn,MidGreenup
778,125.7778077,48.8477636,2018/8/6,corn,Peak
778,125.7778077,48.8477636,2018/7/22,corn,Maturity
778,125.7778077,48.8477636,2018/9/13,corn,MidSenescence
778,125.7778077,48.8477636,2018/8/22,corn,Senescence
778,125.7778077,48.8477636,2018/10/4,corn,Dormancy
